Time [msec],x [m],y [m],z [m],Red,Green,Blue
0,0,2.5,0,255,255,255
250,0,2.5,0.0032,45,255,217
500,0,2.5,0.0156,2,255,209
750,0,2.5,0.0372,2,255,209
1000,0,2.5,0.0678,2,255,209
1250,0,2.5,0.1073,2,255,209
1500,0,2.5,0.1557,2,255,209
1750,0,2.5,0.2128,2,255,209
2000,0,2.5,0.2784,2,255,209
2250,0,2.5,0.3525,2,255,209
2500,0,2.5,0.435,2,255,209
2750,0,2.5,0.5256,2,255,209
3000,0,2.5,0.6244,2,255,209
3250,0,2.5,0.7312,2,255,209
3500,0,2.5,0.8458,2,255,209
3750,0,2.5,0.9682,2,255,209
4000,0,2.5,1.0983,2,255,209
4250,0,2.5,1.2358,2,255,209
4500,0,2.5,1.3808,2,255,209
4750,0,2.5,1.5331,2,255,209
5000,0,2.5,1.6925,2,255,209
5250,0,2.5,1.8589,2,255,209
5500,0,2.5,2.0323,2,255,209
5750,0,2.5,2.2126,2,255,209
6000,0,2.5,2.3995,2,255,209
6250,0,2.5,2.5929,2,255,209
6500,0,2.5,2.7929,2,255,209
6750,0,2.5,2.9992,2,255,209
7000,0,2.5,3.2117,2,255,209
7250,0,2.5,3.4303,2,255,209
7500,0,2.5,3.6549,2,255,209
7750,0,2.5,3.8854,2,255,209
8000,0,2.5,4.1217,2,255,209
8250,0,2.5,4.3635,2,255,209
8500,0,2.5,4.6109,2,255,209
8750,0,2.5,4.8637,2,255,209
9000,0,2.5,5.1218,2,255,209
9250,0,2.5,5.385,2,255,209
9500,0,2.5,5.6533,2,255,209
9750,0,2.5,5.9265,2,255,209
10000,0,2.5,6.2046,2,255,209
10250,0,2.5,6.4873,2,255,209
10500,0,2.5,6.7746,2,255,209
10750,0,2.5,7.0664,2,255,209
11000,0,2.5,7.3625,2,255,209
11250,0,2.5,7.6628,2,255,209
11500,0,2.5,7.9672,2,255,209
11750,0,2.5,8.2756,2,255,209
12000,0,2.5,8.5879,2,255,209
12250,0,2.5,8.9039,2,255,209
12500,0,2.5,9.2236,2,255,209
12750,0,2.5,9.5468,2,255,209
13000,0,2.5,9.8734,2,255,209
13250,0,2.5,10.2033,2,255,209
13500,0,2.5,10.5363,2,255,209
13750,0,2.5,10.8724,2,255,209
14000,0,2.5,11.2115,2,255,209
14250,0,2.5,11.5534,2,255,209
14500,0,2.5,11.8981,2,255,209
14750,0,2.5,12.2453,2,255,209
15000,0,2.5,12.5951,2,255,209
15250,0,2.5,12.9472,2,255,209
15500,0,2.5,13.3016,2,255,209
15750,0,2.5,13.6581,2,255,209
16000,0,2.5,14.0166,2,255,209
16250,0,2.5,14.3771,2,255,209
16500,0,2.5,14.7393,2,255,209
16750,0,2.5,15.1032,2,255,209
17000,0,2.5,15.4686,2,255,209
17250,0,2.5,15.8355,2,255,209
17500,0,2.5,16.2037,2,255,209
17750,0,2.5,16.5731,2,255,209
18000,0,2.5,16.9436,2,255,209
18250,0,2.5,17.315,2,255,209
18500,0,2.5,17.6873,2,255,209
18750,0,2.5,18.0604,2,255,209
19000,0,2.5,18.434,2,255,209
19250,0,2.5,18.8081,2,255,209
19500,0,2.5,19.1826,2,255,209
19750,0,2.5,19.5574,2,255,209
20000,0,2.5,19.9323,2,255,209
20250,0,2.5,20.3073,2,255,209
20500,0,2.5,20.6821,2,255,209
20750,0,2.5,21.0568,2,255,209
21000,0,2.5,21.4311,2,255,209
21250,0,2.5,21.805,2,255,209
21500,0,2.5,22.1783,2,255,209
21750,0,2.5,22.5509,2,255,209
22000,0,2.5,22.9228,2,255,209
22250,0,2.5,23.2937,2,255,209
22500,0,2.5,23.6636,2,255,209
22750,0,2.5,24.0324,2,255,209
23000,0,2.5,24.3998,2,255,209
23250,0,2.5,24.766,2,255,209
23500,0,2.5,25.1306,2,255,209
23750,0,2.5,25.4936,2,255,209
24000,0,2.5,25.8548,2,255,209
24250,0,2.5,26.2142,2,255,209
24500,0,2.5,26.5717,2,255,209
24750,0,2.5,26.927,2,255,209
25000,0,2.5,27.2802,2,255,209
25250,0,2.5,27.631,2,255,209
25500,0,2.5,27.9794,2,255,209
25750,0,2.5,28.3252,2,255,209
26000,0,2.5,28.6684,2,255,209
26250,0,2.5,29.0088,2,255,209
26500,0,2.5,29.3462,2,255,209
26750,0,2.5,29.6807,2,255,209
27000,0,2.5,30.012,2,255,209
27250,0,2.5,30.34,2,255,209
27500,0,2.5,30.6647,2,255,209
27750,0,2.5,30.9859,2,255,209
28000,0,2.5,31.3034,2,255,209
28250,0,2.5,31.6173,2,255,209
28500,0,2.5,31.9273,2,255,209
28750,0,2.5,32.2333,2,255,209
29000,0,2.5,32.5352,2,255,209
29250,0,2.5,32.833,2,255,209
29500,0,2.5,33.1264,2,255,209
29750,0,2.5,33.4154,2,255,209
30000,0,2.5,33.6999,2,255,209
30250,0,2.5,33.9796,2,255,209
30500,0,2.5,34.2546,2,255,209
30750,0,2.5,34.5247,2,255,209
31000,0,2.5,34.7898,2,255,209
31250,0,2.5,35.0498,2,255,209
31500,0,2.5,35.3044,2,255,209
31750,0,2.5,35.5538,2,255,209
32000,0,2.5,35.7976,2,255,209
32250,0,2.5,36.0358,2,255,209
32500,0,2.5,36.2683,2,255,209
32750,0,2.5,36.495,2,255,209
33000,0,2.5,36.7156,2,255,209
33250,0,2.5,36.9303,2,255,209
33500,0,2.5,37.1387,2,255,209
33750,0,2.5,37.3408,2,255,209
34000,0,2.5,37.5365,2,255,209
34250,0,2.5,37.7257,2,255,209
34500,0,2.5,37.9082,2,255,209
34750,0,2.5,38.0839,2,255,209
35000,0,2.5,38.2527,2,255,209
35250,0,2.5,38.4145,2,255,209
35500,0,2.5,38.5691,2,255,209
35750,0,2.5,38.7165,2,255,209
36000,0,2.5,38.8566,2,255,209
36250,0,2.5,38.9892,2,255,209
36500,0,2.5,39.1141,2,255,209
36750,0,2.5,39.2314,2,255,209
37000,0,2.5,39.3408,2,255,209
37250,0,2.5,39.4422,2,255,209
37500,0,2.5,39.5356,2,255,209
37750,0,2.5,39.6208,2,255,209
38000,0,2.5,39.6977,2,255,209
38250,0,2.5,39.7662,2,255,209
38500,0,2.5,39.8262,2,255,209
38750,0,2.5,39.8774,2,255,209
39000,0,2.5,39.9199,2,255,209
39250,0,2.5,39.9535,2,255,209
39500,0,2.5,39.9782,2,255,209
39750,0,2.5,39.9936,2,255,209
40000,0,2.5,39.9999,7,255,36
40250,0,2.5,40,8,255,1
40500,0,2.5,40,8,255,1
40750,0,2.5,40,8,255,1
41000,0,2.5,40,8,255,1
41250,0,2.5,40,8,255,1
41500,0,2.5,40,8,255,1
41750,0,2.5,40,8,255,1
42000,0,2.5,40,8,255,1
42250,0,2.5,40,8,255,1
42500,0,2.5,40,8,255,1
42750,0,2.5,40,8,255,1
43000,0,2.5,40,8,255,1
43250,0,2.5,40,8,255,1
43500,0,2.5,40,8,255,1
43750,0,2.5,40,8,255,1
44000,0,2.5,40,8,255,1
44250,0,2.5177,39.994,8,255,1
44500,-0.0002,2.587,39.9706,8,255,1
44750,-0.0003,2.7104,39.929,8,255,1
45000,-0.0005,2.8897,39.8686,8,255,1
45250,-0.0006,3.1269,39.7886,8,255,1
45500,-0.0006,3.4237,39.6886,8,255,1
45750,-0.0004,3.7821,39.5679,8,255,1
46000,-0.0001,4.2038,39.426,8,255,1
46250,0.0004,4.6868,39.2634,8,255,1
46500,0.0007,5.2234,39.0828,8,255,1
46750,0.001,5.8111,38.8849,8,255,1
47000,0.0012,6.4476,38.6706,8,255,1
47250,0.0013,7.1307,38.4405,8,255,1
47500,0.0014,7.858,38.1956,8,255,1
47750,0.0015,8.6273,37.9365,8,255,1
48000,0.0016,9.4363,37.664,212,53,185
48250,0.0016,10.2826,37.3789,249,12,223
48500,0.0018,11.164,37.082,244,12,223
48750,0.0019,12.0783,36.774,240,11,224
49000,0.0022,13.023,36.4557,235,11,224
49250,0.0025,13.9959,36.1279,231,11,225
49500,0.0029,14.9948,35.7913,226,11,226
49750,0.0034,16.0174,35.4468,221,11,226
50000,0.0039,17.0615,35.095,217,11,227
50250,0.0044,18.125,34.7367,212,10,227
50500,0.0048,19.2055,34.3727,207,10,228
50750,0.0053,20.3007,34.0037,203,10,229
51000,0.0057,21.4085,33.6304,198,10,229
51250,0.0061,22.5264,33.2538,193,10,230
51500,0.0065,23.6524,32.8745,189,9,230
51750,0.0069,24.784,32.4932,184,9,231
52000,0.0073,25.9191,32.1109,179,9,232
52250,0.0076,27.0553,31.7281,175,9,232
52500,0.008,28.1905,31.3457,170,9,233
52750,0.0083,29.3222,30.9644,165,9,234
53000,0.0087,30.4483,30.5851,161,8,234
53250,0.009,31.5665,30.2084,156,8,235
53500,0.0093,32.6746,29.8352,152,8,235
53750,0.0096,33.7701,29.4661,147,8,236
54000,0.0098,34.851,29.102,142,8,237
54250,0.0101,35.9149,28.7436,138,7,237
54500,0.0103,36.9595,28.3918,133,7,238
54750,0.0106,37.9826,28.0471,128,7,238
55000,0.0108,38.982,27.7105,124,7,239
55250,0.011,39.9552,27.3827,119,7,240
55500,0.0112,40.9002,27.0644,114,6,240
55750,0.0114,41.8146,26.7564,110,6,241
56000,0.0116,42.6961,26.4595,105,6,241
56250,0.0118,43.5424,26.1744,100,6,242
56500,0.0119,44.3514,25.9019,96,6,243
56750,0.0121,45.1208,25.6428,91,6,243
57000,0.0122,45.8482,25.3978,86,5,244
57250,0.0123,46.5314,25.1676,82,5,245
57500,0.0125,47.1681,24.9532,77,5,245
57750,0.0126,47.7561,24.7551,73,5,246
58000,0.0127,48.2931,24.5742,68,5,246
58250,0.0127,48.7769,24.4113,63,4,247
58500,0.0128,49.2051,24.2671,59,4,248
58750,0.0129,49.5754,24.1423,54,4,248
59000,0.0129,49.8858,24.0378,49,4,249
59250,0.0129,50.1338,23.9543,45,4,249
59500,0.013,50.3171,23.8925,40,4,250
59750,0.013,50.4336,23.8533,35,3,251
60000,0.013,50.481,23.8373,31,3,251
60250,0.013,50.482,23.837,26,3,252
60500,0.013,50.482,23.837,21,3,252
60750,0.013,50.482,23.837,17,3,253
61000,0.013,50.482,23.837,12,2,254
61250,0.013,50.482,23.837,7,2,254
61500,0.013,50.482,23.837,3,2,255
61750,0.013,50.482,23.837,2,2,255
62000,0.013,50.482,23.837,2,2,255
62250,0.013,50.482,23.837,2,2,255
62500,0.013,50.482,23.837,2,2,255
62750,0.013,50.482,23.837,2,2,255
63000,0.013,50.482,23.837,2,2,255
63250,0.013,50.482,23.837,2,2,255
63500,0.013,50.482,23.837,2,2,255
63750,0.013,50.482,23.837,2,2,255
64000,0.013,50.482,23.837,2,2,255
64250,0.013,50.482,23.837,2,2,255
64500,0.013,50.482,23.837,2,2,255
64750,0.013,50.482,23.837,2,2,255
65000,0.013,50.482,23.837,2,2,255
65250,0.013,50.482,23.837,2,2,255
65500,0.013,50.482,23.837,2,2,255
65750,0.013,50.482,23.837,2,2,255
66000,0.013,50.482,23.837,2,2,255
66250,0.013,50.482,23.837,2,2,255
66500,0.013,50.482,23.837,2,2,255
66750,0.013,50.482,23.837,2,2,255
67000,0.013,50.482,23.837,2,2,255
67250,0.013,50.482,23.837,2,2,255
67500,0.013,50.482,23.837,2,2,255
67750,0.013,50.482,23.837,2,2,255
68000,0.013,50.482,23.837,2,2,255
68250,0.013,50.482,23.837,2,2,255
68500,0.013,50.482,23.837,2,2,255
68750,0.013,50.482,23.837,2,2,255
69000,0.013,50.482,23.837,2,2,255
69250,0.013,50.482,23.837,2,2,255
69500,0.013,50.482,23.837,2,2,255
69750,0.013,50.482,23.837,2,2,255
70000,0.013,50.482,23.837,2,2,255
70250,0.013,50.482,23.837,2,2,255
70500,0.013,50.482,23.837,2,2,255
70750,0.013,50.482,23.837,2,2,255
71000,0.013,50.482,23.837,2,2,255
71250,0.013,50.482,23.837,2,2,255
71500,0.013,50.482,23.837,2,2,255
71750,0.013,50.482,23.837,2,2,255
72000,0.013,50.482,23.837,2,2,255
72250,0.013,50.482,23.837,2,2,255
72500,0.013,50.482,23.837,2,2,255
72750,0.013,50.482,23.837,2,2,255
73000,0.013,50.482,23.837,2,2,255
73250,0.013,50.482,23.837,2,2,255
73500,0.013,50.482,23.837,2,2,255
73750,0.013,50.482,23.837,2,2,255
74000,0.013,50.482,23.837,2,2,255
74250,0.013,50.482,23.837,2,2,255
74500,0.013,50.482,23.837,2,2,255
74750,0.013,50.482,23.837,2,2,255
75000,0.013,50.482,23.837,2,2,255
75250,0.013,50.482,23.837,2,2,255
75500,0.013,50.482,23.837,2,2,255
75750,0.013,50.482,23.837,2,2,255
76000,0.013,50.482,23.837,2,2,255
76250,0.013,50.482,23.837,2,2,255
76500,0.013,50.482,23.837,2,2,255
76750,0.013,50.482,23.837,2,2,255
77000,0.013,50.482,23.837,2,2,255
77250,0.013,50.482,23.837,2,2,255
77500,0.013,50.482,23.837,2,2,255
77750,0.013,50.482,23.837,2,2,255
78000,0.013,50.482,23.837,2,2,255
78250,0.013,50.482,23.837,2,2,255
78500,0.013,50.482,23.837,2,2,255
78750,0.013,50.482,23.837,2,2,255
79000,0.013,50.482,23.837,2,2,255
79250,0.013,50.482,23.837,2,2,255
79500,0.013,50.482,23.837,2,2,255
79750,0.013,50.482,23.837,2,2,255
80000,0.013,50.482,23.837,2,2,255
80250,0.013,50.482,23.837,2,2,255
80500,0.013,50.482,23.837,2,2,255
80750,0.013,50.482,23.837,2,2,255
81000,0.013,50.482,23.837,2,2,255
81250,0.013,50.482,23.837,2,2,255
81500,0.013,50.482,23.837,2,2,255
81750,0.013,50.482,23.837,2,2,255
82000,0.013,50.482,23.837,2,2,255
82250,0.013,50.482,23.837,2,2,255
82500,0.013,50.482,23.837,2,2,255
82750,0.013,50.482,23.837,2,2,255
83000,0.013,50.482,23.837,2,2,255
83250,0.013,50.482,23.837,2,2,255
83500,0.013,50.482,23.837,2,2,255
83750,0.013,50.482,23.837,2,2,255
84000,0.013,50.482,23.837,2,2,255
84250,0.013,50.482,23.837,2,2,255
84500,0.013,50.482,23.837,2,2,255
84750,0.013,50.482,23.837,2,2,255
85000,0.013,50.482,23.837,2,2,255
85250,0.013,50.482,23.837,2,2,255
85500,0.013,50.482,23.837,2,2,255
85750,0.013,50.482,23.837,2,2,255
86000,0.013,50.482,23.837,2,2,255
86250,0.0008,50.4817,23.8408,2,2,255
86500,-0.0456,50.4806,23.8551,2,2,255
86750,-0.1255,50.4787,23.8796,2,2,255
87000,-0.2375,50.476,23.9142,2,2,255
87250,-0.3806,50.4725,23.9582,2,2,255
87500,-0.5533,50.4684,24.0114,2,2,255
87750,-0.7546,50.4635,24.0734,2,2,255
88000,-0.9832,50.458,24.1438,2,2,255
88250,-1.2379,50.4519,24.2222,2,2,255
88500,-1.5173,50.4451,24.3083,2,2,255
88750,-1.8204,50.4378,24.4016,0,0,43
89000,-2.1458,50.43,24.5018,0,0,0
89250,-2.4923,50.4217,24.6085,0,0,0
89500,-2.8588,50.4128,24.7214,0,0,0
89750,-3.2439,50.4036,24.84,0,0,0
90000,-3.6464,50.3939,24.9639,0,0,0
90250,-4.0652,50.3838,25.0929,0,0,0
90500,-4.4989,50.3733,25.2265,0,0,0
90750,-4.9464,50.3626,25.3643,0,0,0
91000,-5.4064,50.3515,25.5059,0,0,0
91250,-5.8777,50.3401,25.651,0,0,0
91500,-6.3591,50.3285,25.7993,0,0,0
91750,-6.8492,50.3167,25.9502,0,0,0
92000,-7.347,50.3047,26.1035,0,0,0
92250,-7.8511,50.2926,26.2587,0,0,0
92500,-8.3603,50.2803,26.4156,0,0,0
92750,-8.8735,50.268,26.5736,0,0,0
93000,-9.3893,50.2556,26.7324,0,0,0
93250,-9.9065,50.2431,26.8917,0,0,0
93500,-10.424,50.2306,27.0511,0,0,0
93750,-10.9404,50.2182,27.2101,0,0,0
94000,-11.4546,50.2058,27.3685,0,0,0
94250,-11.9653,50.1935,27.5257,0,0,0
94500,-12.4713,50.1813,27.6815,0,0,0
94750,-12.9713,50.1693,27.8355,0,0,0
95000,-13.4642,50.1574,27.9873,0,0,0
95250,-13.9486,50.1457,28.1365,0,0,0
95500,-14.4234,50.1343,28.2827,0,0,0
95750,-14.8873,50.1231,28.4256,0,0,0
96000,-15.3392,50.1123,28.5647,0,0,0
96250,-15.7777,50.1017,28.6997,0,0,0
96500,-16.2016,50.0915,28.8303,0,0,0
96750,-16.6097,50.0817,28.956,0,0,0
97000,-17.0009,50.0722,29.0764,0,0,0
97250,-17.3737,50.0633,29.1912,0,0,0
97500,-17.7271,50.0547,29.3001,0,0,0
97750,-18.0597,50.0467,29.4025,0,0,0
98000,-18.3704,50.0392,29.4982,0,0,0
98250,-18.658,50.0323,29.5867,0,0,0
98500,-18.9211,50.026,29.6677,0,0,0
98750,-19.1585,50.0203,29.7409,0,0,0
99000,-19.3691,50.0152,29.8057,0,0,0
99250,-19.5516,50.0108,29.8619,0,0,0
99500,-19.7048,50.0071,29.9091,0,0,0
99750,-19.8274,50.0042,29.9468,0,0,0
100000,-19.9182,50.002,29.9748,0,0,0
100250,-19.976,50.0006,29.9926,212,3,6
100500,-19.9995,50,29.9998,255,4,7
100750,-20,50,30,255,4,7
101000,-20,50,30,255,4,7
101250,-20,50,30,255,4,7
101500,-20,50,30,255,4,7
101750,-20,50,30,255,4,7
102000,-20,50,30,255,4,7
102250,-20,50,30,255,4,7
102500,-20,50,30,255,4,7
102750,-20,50,30,255,4,7
103000,-20,50,30,255,4,7
103250,-20,50,30,255,4,7
103500,-20,50,30,255,4,7
103750,-20,50,30,255,135,47
104000,-20,50,30,255,161,55
104250,-20,50,30,255,161,55
104500,-20,50,30,255,161,55
104750,-20,50,30,255,161,55
105000,-20,50,30,255,161,55
105250,-20,50,30,255,161,55
105500,-20,50,30,255,161,55
105750,-20,50,30,255,161,55
106000,-20,50,30,255,161,55
106250,-20,50,30,255,161,55
106500,-20,50,30,255,161,55
106750,-20,50,30,255,161,55
107000,-20,50,30,255,161,55
107250,-20,50,30,255,161,55
107500,-20,50,30,255,161,55
107750,-20,50,30,255,161,55
108000,-20,50,30,255,161,55
108250,-20,50,30,255,161,55
108500,-20,50,30,255,161,55
108750,-20,50,30,255,161,55
109000,-20,50,30,255,161,55
109250,-20,50,30,255,161,55
109500,-20,50,30,255,161,55
109750,-20,50,30,255,161,55
110000,-20,50,30,255,161,55
110250,-20,50,30,255,161,55
110500,-20,50,30,255,161,55
110750,-20,50,30,255,161,55
111000,-20,50,30,255,161,55
111250,-20,50,30,255,161,55
111500,-20,50,30,255,161,55
111750,-20,50,30,255,161,55
112000,-20,50,30,255,161,55
112250,-20,50,30,255,161,55
112500,-20,50,30,255,161,55
112750,-20,50,30,255,161,55
113000,-20,50,30,255,161,55
113250,-20,50,30,255,161,55
113500,-20,50,30,255,161,55
113750,-20,50,30,255,161,55
114000,-20,50,30,255,161,55
114250,-20,50,30,255,161,55
114500,-20,50,30,255,161,55
114750,-20,50,30,255,161,55
115000,-20,50,30,255,161,55
115250,-20,50,30,255,161,55
115500,-20,50,30,255,161,55
115750,-20,50,30,255,161,55
116000,-20,50,30,255,161,55
116250,-20,50,30,255,161,55
116500,-20,50,30,255,161,55
116750,-20,50,30,255,161,55
117000,-20,50,30,255,161,55
117250,-20,50,30,255,161,55
117500,-20,50,30,255,161,55
117750,-20,50,30,255,161,55
118000,-20,50,30,255,161,55
118250,-20,50,30,255,161,55
118500,-20,50,30,255,161,55
118750,-20,50,30,255,161,55
119000,-20,50,30,255,161,55
119250,-20,50,30,255,161,55
119500,-20,50,30,255,161,55
119750,-20,50,30,255,161,55
120000,-20,50,30,255,161,55
120250,-20,50,30,255,161,55
120500,-20,50,30,255,161,55
120750,-20,50,30,255,161,55
121000,-20,50,30,255,161,55
121250,-20,50,30,255,161,55
121500,-20,50,30,255,161,55
121750,-20,50,30,255,161,55
122000,-20,50,30,255,161,55
122250,-20,50,30,255,161,55
122500,-20,50,30,255,161,55
122750,-20,50,30,255,161,55
123000,-20,50,30,255,161,55
123250,-20,50,30,255,161,55
123500,-20,50,30,255,161,55
123750,-20,50,30,255,161,55
124000,-20,50,30,255,161,55
124250,-20,50,30,255,161,55
124500,-19.9983,49.9947,29.9989,255,161,55
124750,-19.9919,49.9744,29.9946,255,161,55
125000,-19.9808,49.9391,29.9872,255,161,55
125250,-19.9649,49.889,29.9766,255,161,55
125500,-19.9445,49.8244,29.963,255,161,55
125750,-19.9196,49.7454,29.9464,255,161,55
126000,-19.8902,49.6524,29.9268,255,161,55
126250,-19.8565,49.5456,29.9043,255,161,55
126500,-19.8184,49.425,29.879,255,161,55
126750,-19.7761,49.2911,29.8508,255,161,55
127000,-19.7297,49.144,29.8198,255,161,55
127250,-19.6792,48.984,29.7861,255,161,55
127500,-19.6246,48.8112,29.7497,255,161,55
127750,-19.5661,48.6259,29.7107,255,161,55
128000,-19.5037,48.4284,29.6691,255,30,183
128250,-19.4375,48.2188,29.625,255,3,209
128500,-19.3676,47.9973,29.5784,255,3,209
128750,-19.294,47.7643,29.5293,255,3,209
129000,-19.2168,47.5199,29.4779,255,3,209
129250,-19.1361,47.2644,29.4241,255,3,209
129500,-19.052,46.9979,29.368,255,3,209
129750,-18.9645,46.7208,29.3096,255,3,209
130000,-18.8736,46.4332,29.2491,255,3,209
130250,-18.7796,46.1354,29.1864,255,3,209
130500,-18.6824,45.8276,29.1216,255,3,209
130750,-18.5821,45.5099,29.0547,255,3,209
131000,-18.4788,45.1828,28.9858,255,3,209
131250,-18.3725,44.8463,28.915,255,3,209
131500,-18.2634,44.5007,28.8422,255,3,209
131750,-18.1514,44.1462,28.7676,255,3,209
132000,-18.0368,43.783,28.6912,255,3,209
132250,-17.9194,43.4115,28.6129,255,3,209
132500,-17.7995,43.0317,28.533,255,3,209
132750,-17.6771,42.644,28.4514,255,3,209
133000,-17.5522,42.2486,28.3681,255,3,209
133250,-17.4249,41.8456,28.2833,255,3,209
133500,-17.2954,41.4353,28.1969,255,3,209
133750,-17.1636,41.018,28.1091,255,3,209
134000,-17.0296,40.5938,28.0198,255,3,209
134250,-16.8936,40.1631,27.9291,255,3,209
134500,-16.7556,39.7259,27.837,255,3,209
134750,-16.6156,39.2826,27.7437,255,3,209
135000,-16.4737,38.8334,27.6491,255,3,209
135250,-16.33,38.3784,27.5534,255,3,209
135500,-16.1846,37.918,27.4564,255,3,209
135750,-16.0376,37.4523,27.3584,255,3,209
136000,-15.8889,36.9816,27.2593,255,3,209
136250,-15.7388,36.5061,27.1592,255,3,209
136500,-15.5872,36.0261,27.0581,255,3,209
136750,-15.4342,35.5417,26.9561,255,3,209
137000,-15.2799,35.0532,26.8533,255,3,209
137250,-15.1244,34.5608,26.7496,255,3,209
137500,-14.9678,34.0647,26.6452,255,3,209
137750,-14.8101,33.5652,26.54,255,3,209
138000,-14.6513,33.0624,26.4342,255,3,209
138250,-14.4916,32.5567,26.3277,255,3,209
138500,-14.331,32.0483,26.2207,255,3,209
138750,-14.1697,31.5373,26.1131,255,3,209
139000,-14.0076,31.024,26.005,255,3,209
139250,-13.8448,30.5086,25.8965,255,3,209
139500,-13.6815,29.9914,25.7877,255,3,209
139750,-13.5176,29.4725,25.6784,255,3,209
140000,-13.3534,28.9523,25.5689,255,3,209
140250,-13.1887,28.4309,25.4591,255,3,209
140500,-13.0237,27.9085,25.3492,255,3,209
140750,-12.8586,27.3854,25.239,255,3,209
141000,-12.6932,26.8619,25.1288,255,3,209
141250,-12.5278,26.338,25.0185,255,3,209
141500,-12.3624,25.8141,24.9082,255,3,209
141750,-12.197,25.2905,24.798,255,3,209
142000,-12.0317,24.7672,24.6878,255,3,209
142250,-11.8667,24.2446,24.5778,255,3,209
142500,-11.7019,23.7228,24.468,255,3,209
142750,-11.5375,23.2021,24.3583,255,3,209
143000,-11.3735,22.6828,24.249,255,3,209
143250,-11.21,22.165,24.14,255,3,209
143500,-11.047,21.649,24.0314,255,3,209
143750,-10.8847,21.1349,23.9231,255,3,209
144000,-10.7231,20.6231,23.8154,255,3,209
144250,-10.5623,20.1138,23.7082,255,3,209
144500,-10.4023,19.6072,23.6015,255,3,209
144750,-10.2432,19.1034,23.4955,255,3,209
145000,-10.0851,18.6028,23.3901,255,3,209
145250,-9.9281,18.1055,23.2854,255,3,209
145500,-9.7722,17.6119,23.1814,255,3,209
145750,-9.6175,17.122,23.0783,255,3,209
146000,-9.4641,16.6362,22.976,255,3,209
146250,-9.312,16.1547,22.8747,255,3,209
146500,-9.1613,15.6776,22.7742,255,3,209
146750,-9.0122,15.2053,22.6748,255,3,209
147000,-8.8646,14.7379,22.5764,255,3,209
147250,-8.7186,14.2757,22.4791,255,3,209
147500,-8.5744,13.8189,22.3829,255,3,209
147750,-8.4319,13.3677,22.2879,255,3,209
148000,-8.2913,12.9224,22.1942,255,3,209
148250,-8.1526,12.4831,22.1017,255,3,209
148500,-8.0158,12.0502,22.0106,255,3,209
148750,-7.8812,11.6238,21.9208,255,3,209
149000,-7.7487,11.2041,21.8324,255,3,209
149250,-7.6184,10.7915,21.7456,255,3,209
149500,-7.4903,10.386,21.6602,255,3,209
149750,-7.3646,9.988,21.5764,255,3,209
150000,-7.2414,9.5977,21.4942,255,3,209
150250,-7.1206,9.2152,21.4137,255,3,209
150500,-7.0024,8.8409,21.3349,255,3,209
150750,-6.8868,8.4749,21.2579,255,3,209
151000,-6.7739,8.1175,21.1826,255,3,209
151250,-6.6639,7.7689,21.1092,255,3,209
151500,-6.5566,7.4293,21.0377,255,3,209
151750,-6.4523,7.0989,20.9682,255,3,209
152000,-6.351,6.7781,20.9006,255,3,209
152250,-6.2527,6.4669,20.8351,255,3,209
152500,-6.1576,6.1657,20.7717,255,3,209
152750,-6.0657,5.8747,20.7105,255,3,209
153000,-5.977,5.594,20.6514,255,3,209
153250,-5.8918,5.3239,20.5945,255,3,209
153500,-5.8099,5.0647,20.5399,255,3,209
153750,-5.7315,4.8165,20.4877,255,3,209
154000,-5.6567,4.5797,20.4378,255,3,209
154250,-5.5856,4.3543,20.3904,255,3,209
154500,-5.5181,4.1407,20.3454,255,3,209
154750,-5.4545,3.9391,20.303,255,1,38
155000,-5.3946,3.7497,20.2631,255,1,4
155250,-5.3387,3.5727,20.2258,255,1,4
155500,-5.2868,3.4083,20.1912,255,1,4
155750,-5.239,3.2568,20.1593,255,1,4
156000,-5.1953,3.1185,20.1302,255,1,4
156250,-5.1558,2.9934,20.1039,255,1,4
156500,-5.1206,2.8819,20.0804,255,1,4
156750,-5.0898,2.7842,20.0598,255,1,4
157000,-5.0633,2.7006,20.0422,255,1,4
157250,-5.0414,2.6311,20.0276,255,1,4
157500,-5.024,2.5761,20.016,255,1,4
157750,-5.0113,2.5358,20.0075,255,1,4
158000,-5.0033,2.5105,20.0022,255,1,4
158250,-5.0001,2.5002,20,255,1,4
158500,-5,2.5,20,255,1,4
158750,-5,2.5,20,255,1,4
159000,-5,2.5,20,255,1,4
159250,-5,2.5,20,255,1,4
159500,-5,2.5,20,255,1,4
159750,-5,2.5,20,255,1,4
160000,-5,2.5,20,255,1,4
160250,-5,2.5,20,255,1,4
160500,-5,2.5,20,255,1,4
160750,-5,2.5,20,255,1,4
161000,-5,2.5,20,255,1,4
161250,-5,2.5,20,255,1,4
161500,-5,2.5,20,255,1,4
161750,-5,2.5,20,255,1,4
162000,-5,2.5,20,255,1,4
162250,-5,2.5,20,255,1,4
162500,-5,2.5,20,255,1,4
162750,-5,2.5,20,255,1,4
163000,-5,2.5,20,255,1,4
163250,-5,2.5,20,255,1,4
163500,-5,2.5,19.9937,255,1,4
163750,-5,2.5,19.9698,255,1,4
164000,-5,2.5,19.9284,255,1,4
164250,-5,2.5,19.8699,255,1,4
164500,-5,2.5,19.795,255,1,4
164750,-5,2.5,19.7039,255,1,4
165000,-5,2.5,19.5972,255,1,4
165250,-5,2.5,19.4752,255,1,4
165500,-5,2.5,19.3385,255,1,4
165750,-5,2.5,19.1875,255,1,4
166000,-5,2.5,19.0227,255,1,4
166250,-5,2.5,18.8444,255,1,4
166500,-5,2.5,18.6532,255,1,4
166750,-5,2.5,18.4495,255,1,4
167000,-5,2.5,18.2338,255,1,4
167250,-5,2.5,18.0065,255,1,4
167500,-5,2.5,17.768,255,1,4
167750,-5,2.5,17.5189,255,1,4
168000,-5,2.5,17.2595,255,1,4
168250,-5,2.5,16.9903,255,1,4
168500,-5,2.5,16.7118,255,1,4
168750,-5,2.5,16.4244,255,1,4
169000,-5,2.5,16.1286,255,1,4
169250,-5,2.5,15.8248,255,1,4
169500,-5,2.5,15.5135,255,1,4
169750,-5,2.5,15.1951,255,1,4
170000,-5,2.5,14.87,255,1,4
170250,-5,2.5,14.5388,255,1,4
170500,-5,2.5,14.2019,255,1,4
170750,-5,2.5,13.8597,255,1,4
171000,-5,2.5,13.5127,255,1,4
171250,-5,2.5,13.1614,255,1,4
171500,-5,2.5,12.8061,255,1,4
171750,-5,2.5,12.4473,255,1,4
172000,-5,2.5,12.0856,255,1,4
172250,-5,2.5,11.7212,255,1,4
172500,-5,2.5,11.3548,255,1,4
172750,-5,2.5,10.9867,255,1,4
173000,-5,2.5,10.6174,255,1,4
173250,-5,2.5,10.2474,255,1,4
173500,-5,2.5,9.877,255,1,4
173750,-5,2.5,9.5068,255,1,4
174000,-5,2.5,9.1373,255,1,4
174250,-5,2.5,8.7687,255,1,4
174500,-5,2.5,8.4017,255,1,4
174750,-5,2.5,8.0366,255,1,4
175000,-5,2.5,7.6739,255,1,4
175250,-5,2.5,7.3141,255,1,4
175500,-5,2.5,6.9576,255,1,4
175750,-5,2.5,6.6049,255,1,4
176000,-5,2.5,6.2563,255,1,4
176250,-5,2.5,5.9125,255,1,4
176500,-5,2.5,5.5738,255,1,4
176750,-5,2.5,5.2406,255,1,4
177000,-5,2.5,4.9134,255,1,4
177250,-5,2.5,4.5928,255,1,4
177500,-5,2.5,4.279,255,1,4
177750,-5,2.5,3.9726,56,212,2
178000,-5,2.5,3.6741,16,255,2
178250,-5,2.5,3.3838,16,255,2
178500,-5,2.5,3.1023,16,255,2
178750,-5,2.5,2.8299,16,255,2
179000,-5,2.5,2.5672,16,255,2
179250,-5,2.5,2.3145,16,255,2
179500,-5,2.5,2.0724,16,255,2
179750,-5,2.5,1.8413,16,255,2
180000,-5,2.5,1.6216,16,255,2
180250,-5,2.5,1.4138,16,255,2
180500,-5,2.5,1.2184,16,255,2
180750,-5,2.5,1.0358,16,255,2
181000,-5,2.5,0.8664,16,255,2
181250,-5,2.5,0.7107,16,255,2
181500,-5,2.5,0.5691,16,255,2
181750,-5,2.5,0.4421,16,255,2
182000,-5,2.5,0.3303,16,255,2
182250,-5,2.5,0.2339,16,255,2
182500,-5,2.5,0.1534,16,255,2
182750,-5,2.5,0.0894,16,255,2
183000,-5,2.5,0.0422,16,255,2
183250,-5,2.5,0.0124,16,255,2
183500,-5,2.5,0.0003,16,255,2
183750,-5,2.5,0,16,255,2
184000,-5,2.5,0,16,255,2
184250,-5,2.5,0,16,255,2
184500,-5,2.5,0,16,255,2
184750,-5,2.5,0,16,255,2
185000,-5,2.5,0,16,255,2
185250,-5,2.5,0,16,255,2
185500,-5,2.5,0,16,255,2
185750,-5,2.5,0,16,255,2
186000,-5,2.5,0,16,255,2
186250,-5,2.5,0,16,255,2
186500,-5,2.5,0,16,255,2
186750,-5,2.5,0,16,255,2
187000,-5,2.5,0,16,255,2
187250,-5,2.5,0,16,255,2
187500,-5,2.5,0,16,255,2
187750,-5,2.5,0,16,255,2
188000,-5,2.5,0,16,255,2
188250,-5,2.5,0,16,255,2
188500,-5,2.5,0,16,255,2
188750,-5,2.5,0,16,255,2
189000,-5,2.5,0,16,255,2
189250,-5,2.5,0,16,255,2
189500,-5,2.5,0,16,255,2
189750,-5,2.5,0,16,255,2
190000,-5,2.5,0,16,255,2
190250,-5,2.5,0,16,255,2
190500,-5,2.5,0,16,255,2
190750,-5,2.5,0,16,255,2
191000,-5,2.5,0,16,255,2
191250,-5,2.5,0,16,255,2
191500,-5,2.5,0,16,255,2
191750,-5,2.5,0,16,255,2
192000,-5,2.5,0,16,255,2
192250,-5,2.5,0,16,255,2
192500,-5,2.5,0,16,255,2
192750,-5,2.5,0,16,255,2
193000,-5,2.5,0,16,255,2
193250,-5,2.5,0,16,255,2
193500,-5,2.5,0,16,255,2
193750,-5,2.5,0,16,255,2
194000,-5,2.5,0,16,255,2
194250,-5,2.5,0,16,255,2
194500,-5,2.5,0,16,255,2
194750,-5,2.5,0,16,255,2
195000,-5,2.5,0,16,255,2
195250,-5,2.5,0,16,255,2
195500,-5,2.5,0,16,255,2
195750,-5,2.5,0,16,255,2
196000,-5,2.5,0,16,255,2
196250,-5,2.5,0,16,255,2
196500,-5,2.5,0,16,255,2
196750,-5,2.5,0,16,255,2
197000,-5,2.5,0,16,255,2
197250,-5,2.5,0,16,255,2
197500,-5,2.5,0,16,255,2
197750,-5,2.5,0,16,255,2
198000,-5,2.5,0,16,255,2
198250,-5,2.5,0,16,255,2
198500,-5,2.5,0,16,255,2
198750,-5,2.5,0,16,255,2
199000,-5,2.5,0,16,255,2
199250,-5,2.5,0,16,255,2
199500,-5,2.5,0,16,255,2
199750,-5,2.5,0,16,255,2
200000,-5,2.5,0,16,255,2
200250,-5,2.5,0,16,255,2
200500,-5,2.5,0,16,255,2
200750,-5,2.5,0,16,255,2
201000,-5,2.5,0,16,255,2
201250,-5,2.5,0,16,255,2
201500,-5,2.5,0,16,255,2
201750,-5,2.5,0,16,255,2
202000,-5,2.5,0,16,255,2
202250,-5,2.5,0,16,255,2
202500,-5,2.5,0,16,255,2
202750,-5,2.5,0,16,255,2
203000,-5,2.5,0,16,255,2
203250,-5,2.5,0,16,255,2
203500,-5,2.5,0,16,255,2
203750,-5,2.5,0,16,255,2
204000,-5,2.5,0,16,255,2
204250,-5,2.5,0,16,255,2
204500,-5,2.5,0,16,255,2
204750,-5,2.5,0,16,255,2
205000,-5,2.5,0,16,255,2
205250,-5,2.5,0,16,255,2
205500,-5,2.5,0,16,255,2
205750,-5,2.5,0,16,255,2
206000,-5,2.5,0,16,255,2
206250,-5,2.5,0,16,255,2
206500,-5,2.5,0,16,255,2
206750,-5,2.5,0,16,255,2
207000,-5,2.5,0,16,255,2
207250,-5,2.5,0,16,255,2
207500,-5,2.5,0,16,255,2
207750,-5,2.5,0,16,255,2
208000,-5,2.5,0,16,255,2
208250,-5,2.5,0,16,255,2
208500,-5,2.5,0,16,255,2
208750,-5,2.5,0,16,255,2
209000,-5,2.5,0,16,255,2
209250,-5,2.5,0,16,255,2
209500,-5,2.5,0,16,255,2
209750,-5,2.5,0,16,255,2
210000,-5,2.5,0,16,255,2
210250,-5,2.5,0,16,255,2
210500,-5,2.5,0,16,255,2
210750,-5,2.5,0,16,255,2
211000,-5,2.5,0,16,255,2
211250,-5,2.5,0,16,255,2
211500,-5,2.5,0,16,255,2
211750,-5,2.5,0,16,255,2
212000,-5,2.5,0,16,255,2
212250,-5,2.5,0,16,255,2
212500,-5,2.5,0,16,255,2
212750,-5,2.5,0,16,255,2
213000,-5,2.5,0,16,255,2
213250,-5,2.5,0,16,255,2
213500,-5,2.5,0,16,255,2
213750,-5,2.5,0,16,255,2
214000,-5,2.5,0,16,255,2
214250,-5,2.5,0,16,255,2
214500,-5,2.5,0,16,255,2
214750,-5,2.5,0,16,255,2
215000,-5,2.5,0,16,255,2
215250,-5,2.5,0,16,255,2
215500,-5,2.5,0,16,255,2
215750,-5,2.5,0,16,255,2
216000,-5,2.5,0,16,255,2
216250,-5,2.5,0,16,255,2
216500,-5,2.5,0,16,255,2
216750,-5,2.5,0,16,255,2
217000,-5,2.5,0,16,255,2
217250,-5,2.5,0,16,255,2
217500,-5,2.5,0,16,255,2
217750,-5,2.5,0,16,255,2
218000,-5,2.5,0,16,255,2
218250,-5,2.5,0,16,255,2
218500,-5,2.5,0,16,255,2
218750,-5,2.5,0,16,255,2
219000,-5,2.5,0,16,255,2
219250,-5,2.5,0,16,255,2
219500,-5,2.5,0,16,255,2
219750,-5,2.5,0,16,255,2
220000,-5,2.5,0,16,255,2
220250,-5,2.5,0,16,255,2
220500,-5,2.5,0,16,255,2
220750,-5,2.5,0,16,255,2
221000,-5,2.5,0,16,255,2
221250,-5,2.5,0,16,255,2
221500,-5,2.5,0,16,255,2
221750,-5,2.5,0,16,255,2
222000,-5,2.5,0,16,255,2
222250,-5,2.5,0,16,255,2
222500,-5,2.5,0,16,255,2
222750,-5,2.5,0,16,255,2
223000,-5,2.5,0,16,255,2
223250,-5,2.5,0,16,255,2
223500,-5,2.5,0,16,255,2
223750,-5,2.5,0,16,255,2
224000,-5,2.5,0,16,255,2
224250,-5,2.5,0,16,255,2
224500,-5,2.5,0,16,255,2
224750,-5,2.5,0,16,255,2
225000,-5,2.5,0,16,255,2
225250,-5,2.5,0,16,255,2
225500,-5,2.5,0,16,255,2
225750,-5,2.5,0,16,255,2
226000,-5,2.5,0,16,255,2
226250,-5,2.5,0,16,255,2
226500,-5,2.5,0,16,255,2
226750,-5,2.5,0,16,255,2
227000,-5,2.5,0,16,255,2
227250,-5,2.5,0,16,255,2
227500,-5,2.5,0,16,255,2
227750,-5,2.5,0,16,255,2
228000,-5,2.5,0,16,255,2
228250,-5,2.5,0,16,255,2
228500,-5,2.5,0,16,255,2
228750,-5,2.5,0,16,255,2
229000,-5,2.5,0,16,255,2
229250,-5,2.5,0,16,255,2
229500,-5,2.5,0,16,255,2
229750,-5,2.5,0,16,255,2
230000,-5,2.5,0,16,255,2
230250,-5,2.5,0,16,255,2
230500,-5,2.5,0,16,255,2
230750,-5,2.5,0,16,255,2
231000,-5,2.5,0,16,255,2
231250,-5,2.5,0,16,255,2
231500,-5,2.5,0,16,255,2
231750,-5,2.5,0,16,255,2
232000,-5,2.5,0,16,255,2
232250,-5,2.5,0,16,255,2
232500,-5,2.5,0,16,255,2
232750,-5,2.5,0,16,255,2
233000,-5,2.5,0,16,255,2
233250,-5,2.5,0,16,255,2
233500,-5,2.5,0,16,255,2
233750,-5,2.5,0,16,255,2
234000,-5,2.5,0,16,255,2
234250,-5,2.5,0,16,255,2
234500,-5,2.5,0,16,255,2
234750,-5,2.5,0,16,255,2
235000,-5,2.5,0,16,255,2
235250,-5,2.5,0,16,255,2
235500,-5,2.5,0,16,255,2
235750,-5,2.5,0,16,255,2
236000,-5,2.5,0,16,255,2
236250,-5,2.5,0,16,255,2
236500,-5,2.5,0,16,255,2
236750,-5,2.5,0,16,255,2
237000,-5,2.5,0,16,255,2
237250,-5,2.5,0,16,255,2
237500,-5,2.5,0,16,255,2
237750,-5,2.5,0,16,255,2
238000,-5,2.5,0,16,255,2
238250,-5,2.5,0,16,255,2
238500,-5,2.5,0,16,255,2
238750,-5,2.5,0,16,255,2
239000,-5,2.5,0,16,255,2
239250,-5,2.5,0,16,255,2
239500,-5,2.5,0,16,255,2
239750,-5,2.5,0,16,255,2
240000,-5,2.5,0,16,255,2
240250,-5,2.5,0,16,255,2
240500,-5,2.5,0,16,255,2
240750,-5,2.5,0,16,255,2
241000,-5,2.5,0,16,255,2
241250,-5,2.5,0,16,255,2
241500,-5,2.5,0,16,255,2
241750,-5,2.5,0,16,255,2
242000,-5,2.5,0,16,255,2
242250,-5,2.5,0,16,255,2
242500,-5,2.5,0,16,255,2
242750,-5,2.5,0,16,255,2
243000,-5,2.5,0,16,255,2
243250,-5,2.5,0,16,255,2
243500,-5,2.5,0,16,255,2
243750,-5,2.5,0,16,255,2
244000,-5,2.5,0,16,255,2
244250,-5,2.5,0,16,255,2
244500,-5,2.5,0,16,255,2
244750,-5,2.5,0,16,255,2
245000,-5,2.5,0,16,255,2
245250,-5,2.5,0,16,255,2
245500,-5,2.5,0,16,255,2
245750,-5,2.5,0,16,255,2
246000,-5,2.5,0,16,255,2
246250,-5,2.5,0,16,255,2
246500,-5,2.5,0,16,255,2
246750,-5,2.5,0,16,255,2
247000,-5,2.5,0,16,255,2
247250,-5,2.5,0,16,255,2
247500,-5,2.5,0,16,255,2
247750,-5,2.5,0,16,255,2
248000,-5,2.5,0,16,255,2
248250,-5,2.5,0,16,255,2
248500,-5,2.5,0,16,255,2
248750,-5,2.5,0,16,255,2
249000,-5,2.5,0,16,255,2
249250,-5,2.5,0,16,255,2
249500,-5,2.5,0,16,255,2
249750,-5,2.5,0,16,255,2
250000,-5,2.5,0,16,255,2
