idx,t,px,py,pz,vx,vy,vz,ax,ay,az,yaw,mode,ledr,ledg,ledb
0,0.0,2.5,-5.0,0.0,0.0,0.0,0.039052247699905285,0.0,0.0,-1.1022269723988634,0,70,255.0,255.0,255.0
1,0.05,2.5,-5.0,0.0005826809171965901,0.0,0.0,-0.015587966058043568,0.0,0.0,-1.0833815779190907,0,70,255.0,255.0,255.0
2,0.1,2.5,-5.0,-0.0015430921104045473,0.0,0.0,-0.06928591009200379,0.0,0.0,-1.064536183439318,0,70,255.0,255.0,255.0
3,0.15000000000000002,2.5,-5.0,-0.006330205596603981,0.0,0.0,-0.12204158440197539,0.0,0.0,-1.0456907889595453,0,70,255.0,255.0,255.0
4,0.2,2.5,-5.0,-0.013731546055202278,0.0,0.0,-0.17385498898795831,0.0,0.0,-1.0268453944797726,0,70,255.0,255.0,255.0
5,0.25,2.5,-5.0,-0.0237,0.0,0.0,-0.22472612384995264,0.0,0.0,-1.0079999999999998,0,70,255.0,255.0,255.0
6,0.30000000000000004,2.5,-5.0,-0.03618845394479774,0.0,0.0,-0.27465498898795837,0.0,0.0,-0.9891546055202273,0,70,255.0,255.0,255.0
7,0.35000000000000003,2.5,-5.0,-0.05114979440339604,0.0,0.0,-0.32364158440197544,0.0,0.0,-0.9703092110404548,0,70,255.0,255.0,255.0
8,0.4,2.5,-5.0,-0.06853690788959545,0.0,0.0,-0.3716859100920038,0.0,0.0,-0.9514638165606821,0,70,255.0,255.0,255.0
9,0.45,2.5,-5.0,-0.08830268091719658,0.0,0.0,-0.4187879660580436,0.0,0.0,-0.9326184220809096,0,70,255.0,255.0,255.0
10,0.5,2.5,-5.0,-0.1104,0.0,0.0,-0.4649477523000947,0.0,0.0,-0.9137730276011342,0,70,255.0,255.0,255.0
11,0.55,2.5,-5.0,-0.1347784651380057,0.0,0.0,-0.5099680779901231,0.0,0.0,-0.8870399999999995,0,70,255.0,255.0,255.0
12,0.6000000000000001,2.5,-5.0,-0.1613745302760114,0.0,0.0,-0.5536517523000948,0.0,0.0,-0.8603069723988649,0,70,255.0,255.0,255.0
13,0.65,2.5,-5.0,-0.1901213628450142,0.0,0.0,-0.5959987752300095,0.0,0.0,-0.8335739447977303,0,70,255.0,255.0,255.0
14,0.7000000000000001,2.5,-5.0,-0.2209521302760114,0.0,0.0,-0.6370091467798678,0.0,0.0,-0.8068409171965956,0,70,255.0,255.0,255.0
15,0.75,2.5,-5.0,-0.2538,0.0,0.0,-0.6766828669496692,0.0,0.0,-0.780107889595465,0,70,255.0,255.0,255.0
16,0.8,2.5,-5.0,-0.28859928550317965,0.0,0.0,-0.7150886990515501,0.0,0.0,-0.7561253944797733,0,70,255.0,255.0,255.0
17,0.8500000000000001,2.5,-5.0,-0.3252888844925587,0.0,0.0,-0.7522954063976466,0.0,0.0,-0.7321428993640818,0,70,255.0,255.0,255.0
18,0.9,2.5,-5.0,-0.36380884073034786,0.0,0.0,-0.7883029889879584,0.0,0.0,-0.7081604042483903,0,70,255.0,255.0,255.0
19,0.9500000000000001,2.5,-5.0,-0.4040991979787581,0.0,0.0,-0.8231114468224855,0.0,0.0,-0.6841779091326987,0,70,255.0,255.0,255.0
20,1.0,2.5,-5.0,-0.4461,0.0,0.0,-0.8567207799012282,0.0,0.0,-0.6601954140170072,0,70,255.0,255.0,255.0
21,1.05,2.5,-5.0,-0.489751592849276,0.0,0.0,-0.8891491258036761,0.0,0.0,-0.636938422080907,0,70,255.0,255.0,255.0
22,1.1,2.5,-5.0,-0.5349955317537542,0.0,0.0,-0.9204146221093189,0.0,0.0,-0.6136814301448069,0,70,255.0,255.0,255.0
23,1.1500000000000001,2.5,-5.0,-0.5817736742335945,0.0,0.0,-0.9505172688181568,0.0,0.0,-0.5904244382087067,0,70,255.0,255.0,255.0
24,1.2000000000000002,2.5,-5.0,-0.6300278778089566,0.0,0.0,-0.9794570659301898,0.0,0.0,-0.5671674462726066,0,70,255.0,255.0,255.0
25,1.25,2.5,-5.0,-0.6797,0.0,0.0,-1.0072340134454174,0.0,0.0,-0.5439104543364994,0,70,255.0,255.0,255.0
26,1.3,2.5,-5.0,-0.7307311430997167,0.0,0.0,-1.033802797733745,0.0,0.0,-0.5188409171965975,0,70,255.0,255.0,255.0
27,1.35,2.5,-5.0,-0.7830593884924246,0.0,0.0,-1.0591181051650773,0.0,0.0,-0.4937713800566957,0,70,255.0,255.0,255.0
28,1.4000000000000001,2.5,-5.0,-0.8366220623352745,0.0,0.0,-1.0831799357394145,0.0,0.0,-0.4687018429167938,0,70,255.0,255.0,255.0
29,1.4500000000000002,2.5,-5.0,-0.8913564907854162,0.0,0.0,-1.1059882894567568,0.0,0.0,-0.44363230577689194,0,70,255.0,255.0,255.0
30,1.5,2.5,-5.0,-0.9472,0.0,0.0,-1.1275431663171034,0.0,0.0,-0.4185627686369884,0,70,255.0,255.0,255.0
31,1.55,2.5,-5.0,-1.004090234751858,0.0,0.0,-1.1478636832613454,0.0,0.0,-0.3942579091326962,0,70,255.0,255.0,255.0
32,1.6,2.5,-5.0,-1.061966114276548,0.0,0.0,-1.1669689572303732,0.0,0.0,-0.36995304962840403,0,70,255.0,255.0,255.0
33,1.6500000000000001,2.5,-5.0,-1.1207668764253085,0.0,0.0,-1.184858988224186,0.0,0.0,-0.34564819012411185,0,70,255.0,255.0,255.0
34,1.7000000000000002,2.5,-5.0,-1.1804317590493796,0.0,0.0,-1.2015337762427842,0.0,0.0,-0.3213433306198197,0,70,255.0,255.0,255.0
35,1.75,2.5,-5.0,-1.2409,0.0,0.0,-1.2169933212861679,0.0,0.0,-0.2970384711155276,0,70,255.0,255.0,255.0
36,1.8,2.5,-5.0,-1.3021111178928515,0.0,0.0,-1.2312544692208713,0.0,0.0,-0.2734074462726056,0,70,255.0,255.0,255.0
37,1.85,2.5,-5.0,-1.3640057544013846,0.0,0.0,-1.2443340659134283,0.0,0.0,-0.2497764214296836,0,70,255.0,255.0,255.0
38,1.9000000000000001,2.5,-5.0,-1.426524831963492,0.0,0.0,-1.2562321113638397,0.0,0.0,-0.22614539658676158,0,70,255.0,255.0,255.0
39,1.9500000000000002,2.5,-5.0,-1.4896092730170665,0.0,0.0,-1.2669486055721046,0.0,0.0,-0.20251437174383957,0,70,255.0,255.0,255.0
40,2.0,2.5,-5.0,-1.5532,0.0,0.0,-1.2764835485382238,0.0,0.0,-0.178883346900923,0,70,255.0,255.0,255.0
41,2.0500000000000003,2.5,-5.0,-1.6172372936767359,0.0,0.0,-1.2847984398551693,0.0,0.0,-0.1537123057768975,0,70,255.0,255.0,255.0
42,2.1,2.5,-5.0,-1.6816588681179137,0.0,0.0,-1.2918547791159134,0.0,0.0,-0.12854126465287224,0,70,255.0,255.0,255.0
43,2.15,2.5,-5.0,-1.7464017957207234,0.0,0.0,-1.2976525663204566,0.0,0.0,-0.10337022352884699,0,70,255.0,255.0,255.0
44,2.2,2.5,-5.0,-1.811403148882356,0.0,0.0,-1.3021918014687983,0.0,0.0,-0.07819918240482152,0,70,255.0,255.0,255.0
45,2.25,2.5,-5.0,-1.8766,0.0,0.0,-1.3054724845609385,0.0,0.0,-0.05302814128079447,0,70,255.0,255.0,255.0
46,2.3000000000000003,2.5,-5.0,-1.941930107400206,0.0,0.0,-1.3075357713584537,0.0,0.0,-0.02950333061980844,0,70,255.0,255.0,255.0
47,2.35,2.5,-5.0,-2.0073339731269617,0.0,0.0,-1.3084228176229193,0.0,0.0,-0.00597851995882262,0,70,255.0,255.0,255.0
48,2.4000000000000004,2.5,-5.0,-2.072752785153614,0.0,0.0,-1.3081336233543357,0.0,0.0,0.017546290702163417,0,70,255.0,255.0,255.0
49,2.45,2.5,-5.0,-2.138127731453511,0.0,0.0,-1.306668188552703,0.0,0.0,0.04107110136314923,0,70,255.0,255.0,255.0
50,2.5,2.5,-5.0,-2.2034,0.0,0.0,-1.304026513218021,0.0,0.0,0.06459591202412973,0,70,255.0,255.0,255.0
51,2.5500000000000003,2.5,-5.0,-2.268510276722441,0.0,0.0,-1.300178474711014,0.0,0.0,0.08932562825614929,0,70,255.0,255.0,255.0
52,2.6,2.5,-5.0,-2.3333972393742415,0.0,0.0,-1.2950939503924062,0.0,0.0,0.11405534448816863,0,70,255.0,255.0,255.0
53,2.6500000000000004,2.5,-5.0,-2.397999063664822,0.0,0.0,-1.2887729402621972,0.0,0.0,0.1387850607201882,0,70,255.0,255.0,255.0
54,2.7,2.5,-5.0,-2.4622539253036013,0.0,0.0,-1.2812154443203874,0.0,0.0,0.16351477695220754,0,70,255.0,255.0,255.0
55,2.75,2.5,-5.0,-2.5261,0.0,0.0,-1.2724214625669763,0.0,0.0,0.18824449318422865,0,70,255.0,255.0,255.0
56,2.8000000000000003,2.5,-5.0,-2.589475985710031,0.0,0.0,-1.262422329797491,0.0,0.0,0.2117208175951789,0,70,255.0,255.0,255.0
57,2.85,2.5,-5.0,-2.652322669376073,0.0,0.0,-1.2512493808074585,0.0,0.0,0.235197142006129,0,70,255.0,255.0,255.0
58,2.9000000000000004,2.5,-5.0,-2.714581360187101,0.0,0.0,-1.238902615596878,0.0,0.0,0.2586734664170793,0,70,255.0,255.0,255.0
59,2.95,2.5,-5.0,-2.7761933673320858,0.0,0.0,-1.2253820341657504,0.0,0.0,0.2821497908280294,0,70,255.0,255.0,255.0
60,3.0,2.5,-5.0,-2.8371,0.0,0.0,-1.2106876365140755,0.0,0.0,0.305626115238967,0,70,255.0,255.0,255.0
61,3.0500000000000003,2.5,-5.0,-2.8972409804374366,0.0,0.0,-1.1947242060990224,0.0,0.0,0.33291110136314805,0,70,255.0,255.0,255.0
62,3.1,2.5,-5.0,-2.9565496831214655,0.0,0.0,-1.1773965263777606,0.0,0.0,0.3601960874873289,0,70,255.0,255.0,255.0
63,3.1500000000000004,2.5,-5.0,-3.014957895586776,0.0,0.0,-1.1587045973502896,0.0,0.0,0.38748107361150996,0,70,255.0,255.0,255.0
64,3.2,2.5,-5.0,-3.072397405368058,0.0,0.0,-1.1386484190166097,0.0,0.0,0.4147660597356908,0,70,255.0,255.0,255.0
65,3.25,2.5,-5.0,-3.1288,0.0,0.0,-1.117227991376721,0.0,0.0,0.4420510458598663,0,70,255.0,255.0,255.0
66,3.3000000000000003,2.5,-5.0,-3.184104092540223,0.0,0.0,-1.094840845806419,0.0,0.0,0.45343477695220863,0,70,255.0,255.0,255.0
67,3.35,2.5,-5.0,-3.2382745981380654,0.0,0.0,-1.0718845136815,0.0,0.0,0.4648185080445508,0,70,255.0,255.0,255.0
68,3.4000000000000004,2.5,-5.0,-3.2912830574657965,0.0,0.0,-1.0483589950019636,0.0,0.0,0.4762022391368931,0,70,255.0,255.0,255.0
69,3.45,2.5,-5.0,-3.3431010111956847,0.0,0.0,-1.0242642897678107,0.0,0.0,0.4875859702292353,0,70,255.0,255.0,255.0
70,3.5,2.5,-5.0,-3.3937,0.0,0.0,-0.9996003979790404,0.0,0.0,0.4989697013215775,0,70,255.0,255.0,255.0
71,3.5500000000000003,2.5,-5.0,-3.4430762494016727,0.0,0.0,-0.9758484106753003,0.0,0.0,0.4511097908280225,0,70,255.0,255.0,255.0
72,3.6,2.5,-5.0,-3.491324724326274,0.0,0.0,-0.9544894188962382,0.0,0.0,0.4032498803344679,0,70,255.0,255.0,255.0
73,3.6500000000000004,2.5,-5.0,-3.538565074550041,0.0,0.0,-0.9355234226418535,0.0,0.0,0.3553899698409129,0,70,255.0,255.0,255.0
74,3.7,2.5,-5.0,-3.584916949849205,0.0,0.0,-0.9189504219121468,0.0,0.0,0.30753005934735833,0,70,255.0,255.0,255.0
75,3.75,2.5,-5.0,-3.6305,0.0,0.0,-0.9047704167071179,0.0,0.0,0.2596701488538047,0,70,255.0,255.0,255.0
76,3.8000000000000003,2.5,-5.0,-3.675409309853088,0.0,0.0,-0.8915095114923804,0.0,0.0,0.2707660597356915,0,70,255.0,255.0,255.0
77,3.85,2.5,-5.0,-3.7196417045568366,0.0,0.0,-0.8776938107335488,0.0,0.0,0.2818619706175783,0,70,255.0,255.0,255.0
78,3.9000000000000004,2.5,-5.0,-3.7631694443340415,0.0,0.0,-0.8633233144306225,0.0,0.0,0.29295788149946517,0,70,255.0,255.0,255.0
79,3.95,2.5,-5.0,-3.8059647894074975,0.0,0.0,-0.8483980225836022,0.0,0.0,0.3040537923813519,0,70,255.0,255.0,255.0
80,4.0,2.5,-5.0,-3.848,0.0,0.0,-0.8329179351924874,0.0,0.0,0.31514970326323954,0,70,255.0,255.0,255.0
81,4.05,2.5,-5.0,-3.889252911185976,0.0,0.0,-0.8172175433551756,0.0,0.0,0.31286597022923285,0,70,255.0,255.0,255.0
82,4.1000000000000005,2.5,-5.0,-3.929723657446379,0.0,0.0,-0.8016313381695639,0.0,0.0,0.31058223719522604,0,70,255.0,255.0,255.0
83,4.15,2.5,-5.0,-3.969417948113794,0.0,0.0,-0.7861593196356529,0.0,0.0,0.30829850416121934,0,70,255.0,255.0,255.0
84,4.2,2.5,-5.0,-4.008341492520807,0.0,0.0,-0.770801487753442,0.0,0.0,0.3060147711272126,0,70,255.0,255.0,255.0
85,4.25,2.5,-5.0,-4.0465,0.0,0.0,-0.7555578425229317,0.0,0.0,0.3037310380932059,0,70,255.0,255.0,255.0
86,4.3,2.5,-5.0,-4.083898245403008,0.0,0.0,-0.7403723150869178,0.0,0.0,0.30369005934735005,0,70,255.0,255.0,255.0
87,4.3500000000000005,2.5,-5.0,-4.120537265657647,0.0,0.0,-0.7251888365881964,0.0,0.0,0.30364908060149426,0,70,255.0,255.0,255.0
88,4.4,2.5,-5.0,-4.156417163210782,0.0,0.0,-0.7100074070267682,0.0,0.0,0.3036081018556384,0,70,255.0,255.0,255.0
89,4.45,2.5,-5.0,-4.191538040509279,0.0,0.0,-0.6948280264026327,0.0,0.0,0.3035671231097826,0,70,255.0,255.0,255.0
90,4.5,2.5,-5.0,-4.2259,0.0,0.0,-0.6796506947157902,0.0,0.0,0.30352614436392766,0,70,255.0,255.0,255.0
91,4.55,2.5,-5.0,-4.259503707201994,0.0,0.0,-0.664509196297158,0.0,0.0,0.3021337923813666,0,70,255.0,255.0,255.0
92,4.6000000000000005,2.5,-5.0,-4.2923520799230355,0.0,0.0,-0.6494373154776534,0.0,0.0,0.3007414403988056,0,70,255.0,255.0,255.0
93,4.65,2.5,-5.0,-4.3244485990430785,0.0,0.0,-0.6344350522572773,0.0,0.0,0.2993490884162446,0,70,255.0,255.0,255.0
94,4.7,2.5,-5.0,-4.355796745442082,0.0,0.0,-0.619502406636029,0.0,0.0,0.2979567364336836,0,70,255.0,255.0,255.0
95,4.75,2.5,-5.0,-4.3864,0.0,0.0,-0.6046393786139088,0.0,0.0,0.29656438445112343,0,70,255.0,255.0,255.0
96,4.800000000000001,2.5,-5.0,-4.416260525789017,0.0,0.0,-0.5897668997244502,0.0,0.0,0.2983347711272131,0,70,255.0,255.0,255.0
97,4.8500000000000005,2.5,-5.0,-4.445375214650215,0.0,0.0,-0.5748059015011874,0.0,0.0,0.3001051578033028,0,70,255.0,255.0,255.0
98,4.9,2.5,-5.0,-4.473739640616905,0.0,0.0,-0.55975638394412,0.0,0.0,0.3018755444793925,0,70,255.0,255.0,255.0
99,4.95,2.5,-5.0,-4.501349377722398,0.0,0.0,-0.5446183470532483,0.0,0.0,0.30364593115548216,0,70,255.0,255.0,255.0
100,5.0,2.5,-5.0,-4.5282,0.0,0.0,-0.5293917908285719,0.0,0.0,0.30541631783157097,0,70,255.0,255.0,255.0
101,5.050000000000001,2.5,-5.0,-4.55428858964194,0.0,0.0,-0.5141672048050379,0.0,0.0,0.30356712310978184,0,70,255.0,255.0,255.0
102,5.1000000000000005,2.5,-5.0,-4.579618261476106,0.0,0.0,-0.49903507851759354,0.0,0.0,0.3017179283879928,0,70,255.0,255.0,255.0
103,5.15,2.5,-5.0,-4.604193638489301,0.0,0.0,-0.4839954119662387,0.0,0.0,0.2998687336662037,0,70,255.0,255.0,255.0
104,5.2,2.5,-5.0,-4.62801934366833,0.0,0.0,-0.4690482051509733,0.0,0.0,0.29801953894441463,0,70,255.0,255.0,255.0
105,5.25,2.5,-5.0,-4.6511,0.0,0.0,-0.45419345807179734,0.0,0.0,0.29617034422262467,0,70,255.0,255.0,255.0
106,5.300000000000001,2.5,-5.0,-4.673439515643224,0.0,0.0,-0.4393882810553897,0.0,0.0,0.2960367364336717,0,70,255.0,255.0,255.0
107,5.3500000000000005,2.5,-5.0,-4.695038939445363,0.0,0.0,-0.42458978442843004,0.0,0.0,0.29590312864471874,0,70,255.0,255.0,255.0
108,5.4,2.5,-5.0,-4.715898605425891,0.0,0.0,-0.40979796819091796,0.0,0.0,0.29576952085576574,0,70,255.0,255.0,255.0
109,5.45,2.5,-5.0,-4.736018847604279,0.0,0.0,-0.39501283234285356,0.0,0.0,0.2956359130668128,0,70,255.0,255.0,255.0
110,5.5,2.5,-5.0,-4.7554,0.0,0.0,-0.38023437688423684,0.0,0.0,0.29550230527786114,0,70,255.0,255.0,255.0
111,5.550000000000001,2.5,-5.0,-4.774042147785166,0.0,0.0,-0.365447670973403,0.0,0.0,0.29596593115548364,0,70,255.0,255.0,255.0
112,5.6000000000000005,2.5,-5.0,-4.791944380742442,0.0,0.0,-0.3506377837686883,0.0,0.0,0.29642955703310614,0,70,255.0,255.0,255.0
113,5.65,2.5,-5.0,-4.8091055398071365,0.0,0.0,-0.3358047152700925,0.0,0.0,0.29689318291072864,0,70,255.0,255.0,255.0
114,5.7,2.5,-5.0,-4.825524465914553,0.0,0.0,-0.3209484654776156,0.0,0.0,0.29735680878835113,0,70,255.0,255.0,255.0
115,5.75,2.5,-5.0,-4.8412,0.0,0.0,-0.3060690343912575,0.0,0.0,0.2978204346659754,0,70,255.0,255.0,255.0
116,5.800000000000001,2.5,-5.0,-4.856131093216114,0.0,0.0,-0.2911730350509975,0.0,0.0,0.29801953894441474,0,70,255.0,255.0,255.0
117,5.8500000000000005,2.5,-5.0,-4.870317137584868,0.0,0.0,-0.27626708049681586,0.0,0.0,0.2982186432228541,0,70,255.0,255.0,255.0
118,5.9,2.5,-5.0,-4.883757635345564,0.0,0.0,-0.2613511707287123,0.0,0.0,0.29841774750129335,0,70,255.0,255.0,255.0
119,5.95,2.5,-5.0,-4.896452088737507,0.0,0.0,-0.2464253057466866,0.0,0.0,0.2986168517797327,0,70,255.0,255.0,255.0
120,6.0,2.5,-5.0,-4.9084,0.0,0.0,-0.23148948555073906,0.0,0.0,0.298815956058172,0,70,255.0,255.0,255.0
121,6.050000000000001,2.5,-5.0,-4.919602279350378,0.0,0.0,-0.2166281888226138,0.0,0.0,0.2956359130668297,0,70,255.0,255.0,255.0
122,6.1000000000000005,2.5,-5.0,-4.930065468918088,0.0,0.0,-0.20192589424405594,0.0,0.0,0.29245587007548746,0,70,255.0,255.0,255.0
123,6.15,2.5,-5.0,-4.93979751881061,0.0,0.0,-0.18738260181506516,0.0,0.0,0.2892758270841452,0,70,255.0,255.0,255.0
124,6.2,2.5,-5.0,-4.94880637913542,0.0,0.0,-0.17299831153564152,0.0,0.0,0.28609578409280295,0,70,255.0,255.0,255.0
125,6.25,2.5,-5.0,-4.9571,0.0,0.0,-0.158773023405785,0.0,0.0,0.28291574110146067,0,70,255.0,255.0,255.0
126,6.300000000000001,2.5,-5.0,-4.964682189382376,0.0,0.0,-0.14445820965853945,0.0,0.0,0.28967680878835295,0,70,255.0,255.0,255.0
127,6.3500000000000005,2.5,-5.0,-4.971540186742782,0.0,0.0,-0.12980534252694956,0.0,0.0,0.29643787647524505,0,70,255.0,255.0,255.0
128,6.4,2.5,-5.0,-4.977657089411998,0.0,0.0,-0.11481442201101505,0.0,0.0,0.30319894416213716,0,70,255.0,255.0,255.0
129,6.45,2.5,-5.0,-4.983015994720811,0.0,0.0,-0.09948544811073595,0.0,0.0,0.3099600118490293,0,70,255.0,255.0,255.0
130,6.5,2.5,-5.0,-4.9876,0.0,0.0,-0.08381842082611224,0.0,0.0,0.31672107953592143,0,70,255.0,255.0,255.0
131,6.550000000000001,2.5,-5.0,-4.991403363120117,0.0,0.0,-0.06848297254322142,0.0,0.0,0.2966968517797028,0,70,255.0,255.0,255.0
132,6.6000000000000005,2.5,-5.0,-4.9944649841107855,0.0,0.0,-0.05414873564814178,0.0,0.0,0.27667262402348447,0,70,255.0,255.0,255.0
133,6.65,2.5,-5.0,-4.996834923541394,0.0,0.0,-0.04081571014087307,0.0,0.0,0.25664839626726615,0,70,255.0,255.0,255.0
134,6.7,2.5,-5.0,-4.998563241981336,0.0,0.0,-0.028483896021415267,0.0,0.0,0.2366241685110479,0,70,255.0,255.0,255.0
135,6.75,2.5,-5.0,-4.9997,0.0,0.0,-0.017153293289768366,0.0,0.0,0.21659994075482966,0,70,255.0,255.0,255.0
136,6.800000000000001,2.5,-5.0,-5.000309158137155,0.0,0.0,-0.007657900168577098,0.0,0.0,0.16321578409281562,0,70,255.0,255.0,255.0
137,6.8500000000000005,2.5,-5.0,-5.000510276814075,0.0,0.0,-0.0008317148804866696,0.0,0.0,0.10983162743080255,0,70,255.0,255.0,255.0
138,6.9,2.5,-5.0,-5.000436816422421,0.0,0.0,0.003325262574503114,0.0,0.0,0.056447470768789476,0,70,255.0,255.0,255.0
139,6.95,2.5,-5.0,-5.000222237353844,0.0,0.0,0.004813032196392262,0.0,0.0,0.003063314106776377,0,70,255.0,255.0,255.0
140,7.0,2.5,-5.0,-5.0,0.0,0.0,0.003631593985180755,0.0,0.0,-0.050320842555236694,0,70,255.0,255.0,255.0
141,7.050000000000001,2.5,-5.0,-4.999876004331266,0.0,0.0,0.0014345732175257532,0.0,0.0,-0.03755998815096212,0,70,255.0,255.0,255.0
142,7.1000000000000005,2.5,-5.0,-4.99984590863291,0.0,0.0,-0.00012440482991548816,0.0,0.0,-0.02479913374668777,0,70,255.0,255.0,255.0
143,7.15,2.5,-5.0,-4.999877810768921,0.0,0.0,-0.0010453401571430144,0.0,0.0,-0.012038279342413423,0,70,255.0,255.0,255.0
144,7.2,2.5,-5.0,-4.999939808603289,0.0,0.0,-0.0013282327641568267,0.0,0.0,0.0007225750618609292,0,70,255.0,255.0,255.0
145,7.25,2.5,-5.0,-5.0,0.0,0.0,-0.0009730826509569231,0.0,0.0,0.013483429466135267,0,70,255.0,255.0,255.0
146,7.300000000000001,2.5,-5.0,-5.00003322453778,0.0,0.0,-0.00038439270152735075,0.0,0.0,0.01006416851104729,0,70,255.0,255.0,255.0
147,7.3500000000000005,2.5,-5.0,-5.000041288654282,0.0,0.0,3.333420014781422e-05,0.0,0.0,0.006644907555959374,0,70,255.0,255.0,255.0
148,7.4,2.5,-5.0,-5.0000327405018945,0.0,0.0,0.00028009805406858414,0.0,0.0,0.003225646600871457,0,70,255.0,255.0,255.0
149,7.45,2.5,-5.0,-5.000016128233004,0.0,0.0,0.0003558988602349591,0.0,0.0,-0.0001936143542164582,0,70,255.0,255.0,255.0
150,7.5,2.5,-5.0,-5.0,0.0,0.0,0.00026073661864693795,0.0,0.0,-0.003612875309304377,0,70,255.0,255.0,255.0
151,7.550000000000001,2.5,-5.0,-4.999991097517615,0.0,0.0,0.00010299758858365029,0.0,0.0,-0.00269668589322704,0,70,255.0,255.0,255.0
152,7.6000000000000005,2.5,-5.0,-4.999988936749961,0.0,0.0,-8.931970675768306e-06,0.0,0.0,-0.0017804964771497187,0,70,255.0,255.0,255.0
153,7.65,2.5,-5.0,-4.999991227223502,0.0,0.0,-7.505205913132097e-05,0.0,0.0,-0.0008643070610723979,0,70,255.0,255.0,255.0
154,7.7,2.5,-5.0,-4.999995678464695,0.0,0.0,-9.536267678300777e-05,0.0,0.0,5.1882355004923084e-05,0,70,255.0,255.0,255.0
155,7.75,2.5,-5.0,-5.0,0.0,0.0,-6.986382363082875e-05,0.0,0.0,0.0009680717710822434,0,70,255.0,255.0,255.0
156,7.800000000000001,2.5,-5.0,-5.000002385391763,0.0,0.0,-2.7597652807250263e-05,0.0,0.0,0.0007225750618608719,0,70,255.0,255.0,255.0
157,7.8500000000000005,2.5,-5.0,-5.000002964345872,0.0,0.0,2.3936825552590498e-06,0.0,0.0,0.00047707835263950465,0,70,255.0,255.0,255.0
158,7.9,2.5,-5.0,-5.000002350604099,0.0,0.0,2.0110182456700033e-05,0.0,0.0,0.00023158164341813747,0,70,255.0,255.0,255.0
159,7.95,2.5,-5.0,-5.000001157908217,0.0,0.0,2.5551846897072707e-05,0.0,0.0,-1.3915065803229813e-05,0,70,255.0,255.0,255.0
160,8.0,2.5,-5.0,-5.0,0.0,0.0,1.8718675876377065e-05,0.0,0.0,-0.0002594117750245969,0,70,255.0,255.0,255.0
161,8.05,2.5,-5.0,-4.999999360915334,0.0,0.0,7.393022645350788e-06,0.0,0.0,-0.00019361435421644772,0,70,255.0,255.0,255.0
162,8.1,2.5,-5.0,-4.999999205866551,0.0,0.0,-6.427595452677557e-07,0.0,0.0,-0.00012781693340830087,0,70,255.0,255.0,255.0
163,8.15,2.5,-5.0,-4.999999370360103,0.0,0.0,-5.388670695479135e-06,0.0,0.0,-6.201951260015171e-05,0,70,255.0,255.0,255.0
164,8.200000000000001,2.5,-5.0,-4.999999689902437,0.0,0.0,-6.844710805283022e-06,0.0,0.0,3.77790820799747e-06,0,70,255.0,255.0,255.0
165,8.25,2.5,-5.0,-5.0,0.0,0.0,-5.0108798746795155e-06,0.0,0.0,6.957532901614427e-05,0,70,255.0,255.0,255.0
166,8.3,2.5,-5.0,-5.000000170946905,0.0,0.0,-1.9744377741528875e-06,0.0,0.0,5.188235500491914e-05,0,70,255.0,255.0,255.0
167,8.35,2.5,-5.0,-5.000000212187922,0.0,0.0,1.7735562581241075e-07,0.0,0.0,3.418938099369463e-05,0,70,255.0,255.0,255.0
168,8.4,2.5,-5.0,-5.000000167955488,0.0,0.0,1.4445003252165327e-06,0.0,0.0,1.64964069824695e-05,0,70,255.0,255.0,255.0
169,8.450000000000001,2.5,-5.0,-5.000000082482035,0.0,0.0,1.826996324059384e-06,0.0,0.0,-1.1965670287556346e-06,0,70,255.0,255.0,255.0
170,8.5,2.5,-5.0,-5.0,0.0,0.0,1.3248436223409982e-06,0.0,0.0,-1.888954103998015e-05,0,70,255.0,255.0,255.0
171,8.55,2.5,-5.0,-4.999999955297047,0.0,0.0,5.047284512607632e-07,0.0,0.0,-1.391506580322878e-05,0,70,255.0,255.0,255.0
172,8.6,2.5,-5.0,-4.9999999453817585,0.0,0.0,-6.666295798188369e-08,0.0,0.0,-8.940590566477588e-06,0,70,255.0,255.0,255.0
173,8.65,2.5,-5.0,-4.999999957817947,0.0,0.0,-3.893306053869835e-07,0.0,0.0,-3.966115329726218e-06,0,70,255.0,255.0,255.0
174,8.700000000000001,2.5,-5.0,-4.999999980169424,0.0,0.0,-4.6327449095451156e-07,0.0,0.0,1.00835990702515e-06,0,70,255.0,255.0,255.0
175,8.75,2.5,-5.0,-5.0,0.0,0.0,-2.884946146844775e-07,0.0,0.0,5.982835143776345e-06,0,70,255.0,255.0,255.0
176,8.8,2.5,-5.0,-5.000000007864906,0.0,0.0,-4.447603089016542e-08,0.0,0.0,3.777908207995999e-06,0,70,255.0,255.0,255.0
177,8.85,2.5,-5.0,-5.000000006285042,0.0,0.0,8.929620611512503e-08,0.0,0.0,1.5729812722157307e-06,0,70,255.0,255.0,255.0
178,8.9,2.5,-5.0,-5.000000000772725,0.0,0.0,1.1282209633140313e-07,0.0,0.0,-6.319456635646152e-07,0,70,255.0,255.0,255.0
179,8.950000000000001,2.5,-5.0,-4.9999999968402715,0.0,0.0,2.61016397586626e-08,0.0,0.0,-2.836872599344962e-06,0,70,255.0,255.0,255.0
180,9.0,2.5,-5.0,-5.0,0.0,0.0,-1.7086516360308817e-07,0.0,0.0,-5.04179953512523e-06,0,70,255.0,255.0,255.0
181,9.05,2.5,-5.0,-5.000000013243327,0.0,0.0,-3.2682432770010146e-07,0.0,0.0,-1.1965670287552145e-06,0,70,255.0,255.0,255.0
182,9.1,2.5,-5.0,-5.000000029478072,0.0,0.0,-2.9052186647861605e-07,0.0,0.0,2.6486654776146636e-06,0,70,255.0,255.0,255.0
183,9.15,2.5,-5.0,-5.000000039091153,0.0,0.0,-6.195777993862913e-08,0.0,0.0,6.493897983984681e-06,0,70,255.0,255.0,255.0
184,9.200000000000001,2.5,-5.0,-5.00000003246949,0.0,0.0,3.5886793191986115e-07,0.0,0.0,1.0339130490354696e-05,0,70,255.0,255.0,255.0
185,9.25,2.5,-5.0,-5.0,0.0,0.0,9.7195526909683e-07,0.0,0.0,1.4184362996724574e-05,0,70,255.0,255.0,255.0
186,9.3,2.5,-5.0,-4.999999939161785,0.0,0.0,1.3517733416905712e-06,0.0,0.0,1.0083599070248586e-06,0,70,255.0,255.0,255.0
187,9.35,2.5,-5.0,-4.9999998758026685,0.0,0.0,1.0727912597993391e-06,0.0,0.0,-1.2167643182674386e-05,0,70,255.0,255.0,255.0
188,9.4,2.5,-5.0,-4.99999984286266,0.0,0.0,1.3500902342311307e-07,0.0,0.0,-2.53436462723741e-05,0,70,255.0,255.0,255.0
189,9.450000000000001,2.5,-5.0,-4.9999998732817685,0.0,0.0,-1.4615733674381076e-06,0.0,0.0,-3.851964936207381e-05,0,70,255.0,255.0,255.0
190,9.5,2.5,-5.0,-5.0,0.0,0.0,-3.716955912784232e-06,0.0,0.0,-5.169565245177307e-05,0,70,255.0,255.0,255.0
191,9.55,2.5,-5.0,-5.000000230109537,0.0,0.0,-5.0802690390621836e-06,0.0,0.0,-2.836872599344213e-06,0,70,255.0,255.0,255.0
192,9.600000000000001,2.5,-5.0,-5.000000467311254,0.0,0.0,-4.000643172718656e-06,0.0,0.0,4.602190725308464e-05,0,70,255.0,255.0,255.0
193,9.65,2.5,-5.0,-5.000000589458204,0.0,0.0,-4.780783137538239e-07,0.0,0.0,9.488068710551177e-05,0,70,255.0,255.0,255.0
194,9.700000000000001,2.5,-5.0,-5.000000474403436,0.0,0.0,5.487425537832568e-06,0.0,0.0,0.00014373946695794062,0,70,255.0,255.0,255.0
195,9.75,2.5,-5.0,-5.0,0.0,0.0,1.3895868382040099e-05,0.0,0.0,0.0001925982468103677,0,70,255.0,255.0,255.0
196,9.8,2.5,-5.0,-4.999999140400071,0.0,0.0,1.8969302814558162e-05,0.0,0.0,1.0339130490352e-05,0,70,255.0,255.0,255.0
197,9.850000000000001,2.5,-5.0,-4.999998254952315,0.0,0.0,1.4929781431075316e-05,0.0,0.0,-0.0001719199858296637,0,70,255.0,255.0,255.0
198,9.9,2.5,-5.0,-4.9999977993045235,0.0,0.0,1.7773042315921757e-06,0.0,0.0,-0.0003541791021496729,0,70,255.0,255.0,255.0
199,9.950000000000001,2.5,-5.0,-4.99999822910449,0.0,0.0,-2.048812878389218e-05,0.0,0.0,-0.0005364382184696886,0,70,255.0,255.0,255.0
200,10.0,2.5,-5.0,-5.0,0.0,0.0,-5.186651761537616e-05,0.0,0.0,-0.0007186973347896975,0,70,255.0,255.0,255.0
201,10.05,2.5,-5.0,-5.000003208290181,0.0,0.0,-7.079694221917046e-05,0.0,0.0,-3.851964936206378e-05,0,70,255.0,255.0,255.0
202,10.100000000000001,2.5,-5.0,-5.000006512879484,0.0,0.0,-5.571848255158258e-05,0.0,0.0,0.0006416580360655699,0,70,255.0,255.0,255.0
203,10.15,2.5,-5.0,-5.0000082133236985,0.0,0.0,-6.631138612614874e-06,0.0,0.0,0.0013218357214931794,0,70,255.0,255.0,255.0
204,10.200000000000001,2.5,-5.0,-5.000006609178607,0.0,0.0,7.646508959773608e-05,0.0,0.0,0.002002013406920813,0,70,255.0,255.0,255.0
205,10.25,2.5,-5.0,-5.0,0.0,0.0,0.00019357020207946452,0.0,0.0,0.0026821910923484227,0,70,255.0,255.0,255.0
206,10.3,2.5,-5.0,-4.999988026439208,0.0,0.0,0.00026421846606212366,0.0,0.0,0.0001437394669579037,0,70,255.0,255.0,255.0
207,10.350000000000001,2.5,-5.0,-4.999975693529748,0.0,0.0,0.00020794414877525503,0.0,0.0,-0.0023947121584326153,0,70,255.0,255.0,255.0
208,10.4,2.5,-5.0,-4.999969347400685,0.0,0.0,2.474725021886742e-05,0.0,0.0,-0.004933163783823045,0,70,255.0,255.0,255.0
209,10.450000000000001,2.5,-5.0,-4.999975334181081,0.0,0.0,-0.0002853722296070521,0.0,0.0,-0.007471615409213563,0,70,255.0,255.0,255.0
210,10.5,2.5,-5.0,-5.0,0.0,0.0,-0.0007224142907024818,0.0,0.0,-0.010010067034603994,0,70,255.0,255.0,255.0
211,10.55,2.5,-5.0,-5.000044685952988,0.0,0.0,-0.0009860769220293242,0.0,0.0,-0.0005364382184695499,0,70,255.0,255.0,255.0
212,10.600000000000001,2.5,-5.0,-5.000090713001523,0.0,0.0,-0.0007760581125494376,0.0,0.0,0.008937190597664894,0,70,255.0,255.0,255.0
213,10.65,2.5,-5.0,-5.000114397073564,0.0,0.0,-9.235786226285481e-05,0.0,0.0,0.018410819413799,0,70,255.0,255.0,255.0
214,10.700000000000001,2.5,-5.0,-5.0000920540970695,0.0,0.0,0.0010650238288304726,0.0,0.0,0.027884448229933443,0,70,255.0,255.0,255.0
215,10.75,2.5,-5.0,-5.0,0.0,0.0,0.002696086960730463,0.0,0.0,0.037358077046067556,0,70,255.0,255.0,255.0
216,10.8,2.5,-5.0,-4.999833229748839,0.0,0.0,0.0036800892220551734,0.0,0.0,0.0020020134069203,0,70,255.0,255.0,255.0
217,10.850000000000001,2.5,-5.0,-4.99966145446416,0.0,0.0,0.0028962883014224962,0.0,0.0,-0.033354050232226956,0,70,255.0,255.0,255.0
218,10.9,2.5,-5.0,-4.999573064305062,0.0,0.0,0.00034468419883255247,0.0,0.0,-0.06871011387137295,0,70,255.0,255.0,255.0
219,10.950000000000001,2.5,-5.0,-4.999656449430643,0.0,0.0,-0.0039747230857148375,0.0,0.0,-0.10406617751052019,0,70,255.0,255.0,255.0
220,11.0,2.5,-5.0,-5.0,0.0,0.0,-0.01006193355221937,0.0,0.0,-0.13942224114966617,0,70,255.0,255.0,255.0
221,11.05,2.5,-5.0,-5.000622395051656,0.0,0.0,-0.013734279966191369,0.0,0.0,-0.007471615409211624,0,70,255.0,255.0,255.0
222,11.100000000000001,2.5,-5.0,-5.001263469141835,0.0,0.0,-0.010809095093140545,0.0,0.0,0.12447901033124292,0,70,255.0,255.0,255.0
223,11.15,2.5,-5.0,-5.001593345706187,0.0,0.0,-0.0012863789330673538,0.0,0.0,0.2564296360716928,0,70,255.0,255.0,255.0
224,11.200000000000001,2.5,-5.0,-5.001282148180358,0.0,0.0,0.014833868514028875,0.0,0.0,0.38838026181214735,0,70,255.0,255.0,255.0
225,11.25,2.5,-5.0,-5.0,0.0,0.0,0.03755164724814701,0.0,0.0,0.5203308875525973,0,70,255.0,255.0,255.0
226,11.3,2.5,-5.0,-4.997369190044536,0.0,0.0,0.0697370306427108,0.0,0.0,0.7670844482299364,0,70,255.0,255.0,255.0
227,11.350000000000001,2.5,-5.0,-4.9928206689684975,0.0,0.0,0.11426009207114173,0.0,0.0,1.0138380089072754,0,70,255.0,255.0,255.0
228,11.4,2.5,-5.0,-4.985737552870191,0.0,0.0,0.17112083153343755,0.0,0.0,1.2605915695846057,0,70,255.0,255.0,255.0
229,11.450000000000001,2.5,-5.0,-4.975502957847923,0.0,0.0,0.2403192490296023,0.0,0.0,1.5073451302619447,0,70,255.0,255.0,255.0
230,11.5,2.5,-5.0,-4.9615,0.0,0.0,0.32185534455963105,0.0,0.0,1.7540986909392746,0,70,255.0,255.0,255.0
231,11.55,2.5,-5.0,-4.9433128447701975,0.0,0.0,0.4036661573953511,0.0,0.0,1.5183338224894816,0,70,255.0,255.0,255.0
232,11.600000000000001,2.5,-5.0,-4.921329854984172,0.0,0.0,0.4736887268085814,0.0,0.0,1.2825689540396887,0,70,255.0,255.0,255.0
233,11.65,2.5,-5.0,-4.8961404428130475,0.0,0.0,0.53192305279932,0.0,0.0,1.0468040855899043,0,70,255.0,255.0,255.0
234,11.700000000000001,2.5,-5.0,-4.868334020427949,0.0,0.0,0.5783691353675711,0.0,0.0,0.8110392171401113,0,70,255.0,255.0,255.0
235,11.75,2.5,-5.0,-4.8385,0.0,0.0,0.6130269745133312,0.0,0.0,0.5752743486903231,0,70,255.0,255.0,255.0
236,11.8,2.5,-5.0,-4.80718263087467,0.0,0.0,0.6386063397758931,0.0,0.0,0.44790026181213916,0,70,255.0,255.0,255.0
237,11.850000000000001,2.5,-5.0,-4.774745511094808,0.0,0.0,0.6578170006945457,0.0,0.0,0.3205261749339552,0,70,255.0,255.0,255.0
238,11.9,2.5,-5.0,-4.741507075877613,0.0,0.0,0.6706589572692887,0.0,0.0,0.19315208805577572,0,70,255.0,255.0,255.0
239,11.950000000000001,2.5,-5.0,-4.707785760440277,0.0,0.0,0.677132209500123,0.0,0.0,0.0657780011775917,0,70,255.0,255.0,255.0
240,12.0,2.5,-5.0,-4.6739,0.0,0.0,0.677236757387048,0.0,0.0,-0.06159608570059216,0,70,255.0,255.0,255.0
241,12.05,2.5,-5.0,-4.640163831731122,0.0,0.0,0.6712364835010813,0.0,0.0,-0.17841486973807336,0,70,255.0,255.0,255.0
242,12.100000000000001,2.5,-5.0,-4.606873700636589,0.0,0.0,0.6593952704132405,0.0,0.0,-0.29523365377555455,0,70,255.0,255.0,255.0
243,12.15,2.5,-5.0,-4.5743216536764955,0.0,0.0,0.6417131181235262,0.0,0.0,-0.4120524378130315,0,70,255.0,255.0,255.0
244,12.200000000000001,2.5,-5.0,-4.542799737810935,0.0,0.0,0.6181900266319372,0.0,0.0,-0.5288712218505127,0,70,255.0,255.0,255.0
245,12.25,2.5,-5.0,-4.5126,0.0,0.0,0.5888259959384753,0.0,0.0,-0.6456900058879897,0,70,255.0,255.0,255.0
246,12.3,2.5,-5.0,-4.48391164220084,0.0,0.0,0.5597917262197781,0.0,0.0,-0.515680782859877,0,70,255.0,255.0,255.0
247,12.350000000000001,2.5,-5.0,-4.456512486358832,0.0,0.0,0.5372579176524869,0.0,0.0,-0.3856715598317642,0,70,255.0,255.0,255.0
248,12.4,2.5,-5.0,-4.430077509416402,0.0,0.0,0.5212245702366017,0.0,0.0,-0.2556623368036561,0,70,255.0,255.0,255.0
249,12.450000000000001,2.5,-5.0,-4.40428168831598,0.0,0.0,0.5116916839721215,0.0,0.0,-0.12565311377554333,0,70,255.0,255.0,255.0
250,12.5,2.5,-5.0,-4.3788,0.0,0.0,0.5086592588590471,0.0,0.0,0.004356109252563911,0,70,255.0,255.0,255.0
251,12.55,2.5,-5.0,-4.3533711994655135,0.0,0.0,0.5083006116198011,0.0,0.0,-0.01870199882239871,0,70,255.0,255.0,255.0
252,12.600000000000001,2.5,-5.0,-4.3279891539280815,0.0,0.0,0.5067890589768071,0.0,0.0,-0.04176010689736133,0,70,255.0,255.0,255.0
253,12.65,2.5,-5.0,-4.302711508657895,0.0,0.0,0.5041246009300652,0.0,0.0,-0.06481821497232312,0,70,255.0,255.0,255.0
254,12.700000000000001,2.5,-5.0,-4.2775959089251385,0.0,0.0,0.5003072374795748,0.0,0.0,-0.08787632304728575,0,70,255.0,255.0,255.0
255,12.75,2.5,-5.0,-4.2527,0.0,0.0,0.4953369686253367,0.0,0.0,-0.11093443112224843,0,70,255.0,255.0,255.0
256,12.8,2.5,-5.0,-4.228064359937106,0.0,0.0,0.4902378273010174,0.0,0.0,-0.09303122185052032,0,70,255.0,255.0,255.0
257,12.850000000000001,2.5,-5.0,-4.203661297928838,0.0,0.0,0.4860338464402846,0.0,0.0,-0.0751280125787922,0,70,255.0,255.0,255.0
258,12.9,2.5,-5.0,-4.179446055952019,0.0,0.0,0.4827250260431382,0.0,0.0,-0.057224803307064726,0,70,255.0,255.0,255.0
259,12.950000000000001,2.5,-5.0,-4.155373875983465,0.0,0.0,0.48031136610957814,0.0,0.0,-0.03932159403533661,0,70,255.0,255.0,255.0
260,13.0,2.5,-5.0,-4.1314,0.0,0.0,0.47879286663960446,0.0,0.0,-0.021418384763610465,0,70,255.0,255.0,255.0
261,13.05,2.5,-5.0,-4.107485760786062,0.0,0.0,0.47780407917612566,0.0,0.0,-0.018133113775541828,0,70,255.0,255.0,255.0
262,13.100000000000001,2.5,-5.0,-4.083616854356563,0.0,0.0,0.47697955526205027,0.0,0.0,-0.014847842787473194,0,70,255.0,255.0,255.0
263,13.15,2.5,-5.0,-4.059785067534034,0.0,0.0,0.4763192948973783,0.0,0.0,-0.011562571799404673,0,70,255.0,255.0,255.0
264,13.200000000000001,2.5,-5.0,-4.035982187141002,0.0,0.0,0.47582329808210977,0.0,0.0,-0.008277300811336038,0,70,255.0,255.0,255.0
265,13.25,2.5,-5.0,-4.0122,0.0,0.0,0.47549156481624466,0.0,0.0,-0.004992029823269739,0,70,255.0,255.0,255.0
266,13.3,2.5,-5.0,-3.988426996918643,0.0,0.0,0.4755218559944808,0.0,0.0,0.006203676952717155,0,70,255.0,255.0,255.0
267,13.350000000000001,2.5,-5.0,-3.964638484644905,0.0,0.0,0.4761119325115164,0.0,0.0,0.01739938372870405,0,70,255.0,255.0,255.0
268,13.4,2.5,-5.0,-3.940806473911845,0.0,0.0,0.4772617943673512,0.0,0.0,0.02859509050469055,0,70,255.0,255.0,255.0
269,13.450000000000001,2.5,-5.0,-3.916902975452523,0.0,0.0,0.47897144156198546,0.0,0.0,0.03979079728067744,0,70,255.0,255.0,255.0
270,13.5,2.5,-5.0,-3.8929,0.0,0.0,0.48124087409541894,0.0,0.0,0.050986504056661275,0,70,255.0,255.0,255.0
271,13.55,2.5,-5.0,-3.8687734515393633,0.0,0.0,0.48383649684595176,0.0,0.0,0.05283840596465146,0,70,255.0,255.0,255.0
272,13.600000000000001,2.5,-5.0,-3.844514807063814,0.0,0.0,0.4865247146918842,0.0,0.0,0.05469030787264165,0,70,255.0,255.0,255.0
273,13.65,2.5,-5.0,-3.8201194368185845,0.0,0.0,0.48930552763321594,0.0,0.0,0.05654220978063177,0,70,255.0,255.0,255.0
274,13.700000000000001,2.5,-5.0,-3.795582711048903,0.0,0.0,0.4921789356699473,0.0,0.0,0.05839411168862196,0,70,255.0,255.0,255.0
275,13.75,2.5,-5.0,-3.7709,0.0,0.0,0.4951449388020781,0.0,0.0,0.060246013596610304,0,70,255.0,255.0,255.0
276,13.8,2.5,-5.0,-3.7460735969239036,0.0,0.0,0.4977881566217102,0.0,0.0,0.04548269918867348,0,70,255.0,255.0,255.0
277,13.850000000000001,2.5,-5.0,-3.7211334870998347,0.0,0.0,0.4996932087209455,0.0,0.0,0.03071938478073666,0,70,255.0,255.0,255.0
278,13.9,2.5,-5.0,-3.696116578813816,0.0,0.0,0.5008600950997839,0.0,0.0,0.015956070372800363,0,70,255.0,255.0,255.0
279,13.950000000000001,2.5,-5.0,-3.671059780351863,0.0,0.0,0.5012888157582255,0.0,0.0,0.00119275596486354,0,70,255.0,255.0,255.0
280,14.0,2.5,-5.0,-3.646,0.0,0.0,0.5009793706962703,0.0,0.0,-0.013570558443073644,0,70,255.0,255.0,255.0
281,14.05,2.5,-5.0,-3.620966560765021,0.0,0.0,0.5003868766672103,0.0,0.0,-0.010129202719326841,0,70,255.0,255.0,255.0
282,14.100000000000001,2.5,-5.0,-3.595958444536842,0.0,0.0,0.49996645042433757,0.0,0.0,-0.00668784699558004,0,70,255.0,255.0,255.0
283,14.15,2.5,-5.0,-3.570967047926151,0.0,0.0,0.49971809196765227,0.0,0.0,-0.0032464912718333603,0,70,255.0,255.0,255.0
284,14.200000000000001,2.5,-5.0,-3.54598376754364,0.0,0.0,0.4996418012971543,0.0,0.0,0.00019486445191344189,0,70,255.0,255.0,255.0
285,14.25,2.5,-5.0,-3.521,0.0,0.0,0.49973757841284355,0.0,0.0,0.0036362201756587886,0,70,255.0,255.0,255.0
286,14.3,2.5,-5.0,-3.496008960016007,0.0,0.0,0.4998963367094504,0.0,0.0,0.0027141116886144493,0,70,255.0,255.0,255.0
287,14.350000000000001,2.5,-5.0,-3.4710111347527937,0.0,0.0,0.5000089895817049,0.0,0.0,0.0017920032015701097,0,70,255.0,255.0,255.0
288,14.4,2.5,-5.0,-3.4460088294815763,0.0,0.0,0.5000755370296074,0.0,0.0,0.0008698947145258031,0,70,255.0,255.0,255.0
289,14.450000000000001,2.5,-5.0,-3.4210043494735722,0.0,0.0,0.5000959790531576,0.0,0.0,-5.221377251853629e-05,0,70,255.0,255.0,255.0
290,14.5,2.5,-5.0,-3.396,0.0,0.0,0.5000703156523556,0.0,0.0,-0.0009743222595641754,0,70,255.0,255.0,255.0
291,14.55,2.5,-5.0,-3.3709975991709458,0.0,0.0,0.5000277764949882,0.0,0.0,-0.0007272440351325536,0,70,255.0,255.0,255.0
292,14.600000000000001,2.5,-5.0,-3.3459970164519803,0.0,0.0,0.49999759124884235,0.0,0.0,-0.0004801658107009318,0,70,255.0,255.0,255.0
293,14.65,2.5,-5.0,-3.320997634147542,0.0,0.0,0.4999797599139181,0.0,0.0,-0.00023308758626931867,0,70,255.0,255.0,255.0
294,14.700000000000001,2.5,-5.0,-3.295998834562068,0.0,0.0,0.4999742824902154,0.0,0.0,1.3990638162303132e-05,0,70,255.0,255.0,255.0
295,14.75,2.5,-5.0,-3.271,0.0,0.0,0.4999811589777342,0.0,0.0,0.0002610688625921398,0,70,255.0,255.0,255.0
296,14.8,2.5,-5.0,-3.2460006433002055,0.0,0.0,0.49999255731059683,0.0,0.0,0.0001948644519126565,0,70,255.0,255.0,255.0
297,14.850000000000001,2.5,-5.0,-3.2210007994392815,0.0,0.0,0.5000006454229255,0.0,0.0,0.0001286600412331732,0,70,255.0,255.0,255.0
298,14.9,2.5,-5.0,-3.1960006339282554,0.0,0.0,0.5000054233147201,0.0,0.0,6.245563055369227e-05,0,70,255.0,255.0,255.0
299,14.950000000000001,2.5,-5.0,-3.1710003122781525,0.0,0.0,0.5000068909859808,0.0,0.0,-3.748780125791039e-06,0,70,255.0,255.0,255.0
300,15.0,2.5,-5.0,-3.146,0.0,0.0,0.5000050484367076,0.0,0.0,-6.995319080616014e-05,0,70,255.0,255.0,255.0
301,15.05,2.5,-5.0,-3.1209998276282285,0.0,0.0,0.5000019942626244,0.0,0.0,-5.2213772518782975e-05,0,70,255.0,255.0,255.0
302,15.100000000000001,2.5,-5.0,-3.095999785790888,0.0,0.0,0.4999998270594557,0.0,0.0,-3.447435423140582e-05,0,70,255.0,255.0,255.0
303,15.15,2.5,-5.0,-3.0709998301394346,0.0,0.0,0.4999985468272013,0.0,0.0,-1.673493594402929e-05,0,70,255.0,255.0,255.0
304,15.200000000000001,2.5,-5.0,-3.0459999163253193,0.0,0.0,0.4999981535658613,0.0,0.0,1.0044823433478725e-06,0,70,255.0,255.0,255.0
305,15.25,2.5,-5.0,-3.021,0.0,0.0,0.4999986472754357,0.0,0.0,1.8743900632056665e-05,0,70,255.0,255.0,255.0
306,15.3,2.5,-5.0,-2.996000046186878,0.0,0.0,0.4999994656389055,0.0,0.0,1.3990638161498414e-05,0,70,255.0,255.0,255.0
307,15.350000000000001,2.5,-5.0,-2.9710000573971604,0.0,0.0,0.5000000463392519,0.0,0.0,9.237375690940161e-06,0,70,255.0,255.0,255.0
308,15.4,2.5,-5.0,-2.946000045514005,0.0,0.0,0.5000003893764746,0.0,0.0,4.48411322038208e-06,0,70,255.0,255.0,255.0
309,15.450000000000001,2.5,-5.0,-2.9210000224205652,0.0,0.0,0.5000004947505738,0.0,0.0,-2.6914925017617293e-07,0,70,255.0,255.0,255.0
310,15.5,2.5,-5.0,-2.896,0.0,0.0,0.5000003624615497,0.0,0.0,-5.022411723842879e-06,0,70,255.0,255.0,255.0
311,15.55,2.5,-5.0,-2.870999987624257,0.0,0.0,0.5000001431817533,0.0,0.0,-3.7487801279212182e-06,0,70,255.0,255.0,255.0
312,15.600000000000001,2.5,-5.0,-2.845999984620464,0.0,0.0,0.49999998758353686,0.0,0.0,-2.4751485319995575e-06,0,70,255.0,255.0,255.0
313,15.65,2.5,-5.0,-2.8209999878045435,0.0,0.0,0.4999998956669002,0.0,0.0,-1.2015169360779421e-06,0,70,255.0,255.0,255.0
314,15.700000000000001,2.5,-5.0,-2.7959999939924147,0.0,0.0,0.49999986743184327,0.0,0.0,7.211465984371897e-08,0,70,255.0,255.0,255.0
315,15.75,2.5,-5.0,-2.771,0.0,0.0,0.49999990287836604,0.0,0.0,1.345746253100799e-06,0,70,255.0,255.0,255.0
316,15.8,2.5,-5.0,-2.746000003316092,0.0,0.0,0.499999961634081,0.0,0.0,1.0044823442356638e-06,0,70,255.0,255.0,255.0
317,15.850000000000001,2.5,-5.0,-2.721000004120978,0.0,0.0,0.5000000033266004,0.0,0.0,6.632184353705287e-07,0,70,255.0,255.0,255.0
318,15.9,2.5,-5.0,-2.6960000032678186,0.0,0.0,0.5000000279559245,0.0,0.0,3.2195452650540556e-07,0,70,255.0,255.0,255.0
319,15.950000000000001,2.5,-5.0,-2.671000001609772,0.0,0.0,0.5000000355220532,0.0,0.0,-1.9309382359729718e-08,0,70,255.0,255.0,255.0
320,16.0,2.5,-5.0,-2.646,0.0,0.0,0.5000000260249863,0.0,0.0,-3.6057329300120955e-07,0,70,255.0,255.0,255.0
321,16.05,2.5,-5.0,-2.6209999991113735,0.0,0.0,0.5000000102819226,0.0,0.0,-2.691492513307013e-07,0,70,255.0,255.0,255.0
322,16.1,2.5,-5.0,-2.59599999889562,0.0,0.0,0.49999999911006116,0.0,0.0,-1.7772520966019297e-07,0,70,255.0,255.0,255.0
323,16.150000000000002,2.5,-5.0,-2.57099999912418,0.0,0.0,0.4999999925094017,0.0,0.0,-8.630116798968465e-08,0,70,255.0,255.0,255.0
324,16.2,2.5,-5.0,-2.5459999995684943,0.0,0.0,0.49999999047994437,0.0,0.0,5.122873680817106e-09,0,70,255.0,255.0,255.0
325,16.25,2.5,-5.0,-2.521,0.0,0.0,0.4999999930216891,0.0,0.0,9.654691668359305e-08,0,70,255.0,255.0,255.0
326,16.3,2.5,-5.0,-2.496000000238412,0.0,0.0,0.4999999972382285,0.0,0.0,7.211465886669508e-08,0,70,255.0,255.0,255.0
327,16.35,2.5,-5.0,-2.4710000002965367,0.0,0.0,0.500000000233155,0.0,0.0,4.768240104979712e-08,0,70,255.0,255.0,255.0
328,16.400000000000002,2.5,-5.0,-2.4460000002354554,0.0,0.0,0.5000000020064687,0.0,0.0,2.3250143232899162e-08,0,70,255.0,255.0,255.0
329,16.45,2.5,-5.0,-2.421000000116251,0.0,0.0,0.5000000025581693,0.0,0.0,-1.1821145839970764e-09,0,70,255.0,255.0,255.0
330,16.5,2.5,-5.0,-2.396,0.0,0.0,0.5000000018882571,0.0,0.0,-2.5614374621341085e-08,0,70,255.0,255.0,255.0
331,16.55,2.5,-5.0,-2.3709999999349773,0.0,0.0,0.5000000007651632,0.0,0.0,-1.9309383958443413e-08,0,70,255.0,255.0,255.0
332,16.6,2.5,-5.0,-2.3459999999182286,0.0,0.0,0.4999999999573187,0.0,0.0,-1.3004393295545745e-08,0,70,255.0,255.0,255.0
333,16.650000000000002,2.5,-5.0,-2.3209999999339903,0.0,0.0,0.4999999994647238,0.0,0.0,-6.699402632648076e-09,0,70,255.0,255.0,255.0
334,16.7,2.5,-5.0,-2.2959999999665035,0.0,0.0,0.4999999992873785,0.0,0.0,-3.944119697508511e-10,0,70,255.0,255.0,255.0
335,16.75,2.5,-5.0,-2.271,0.0,0.0,0.49999999942528256,0.0,0.0,5.9105755845223484e-09,0,70,255.0,255.0,255.0
336,16.8,2.5,-5.0,-2.246000000021675,0.0,0.0,0.4999999997011188,0.0,0.0,5.122873947271944e-09,0,70,255.0,255.0,255.0
337,16.85,2.5,-5.0,-2.2210000000305437,0.0,0.0,0.49999999993757,0.0,0.0,4.3351723100215396e-09,0,70,255.0,255.0,255.0
338,16.900000000000002,2.5,-5.0,-2.196000000028574,0.0,0.0,0.500000000134636,0.0,0.0,3.5474706727711355e-09,0,70,255.0,255.0,255.0
339,16.95,2.5,-5.0,-2.1710000000177376,0.0,0.0,0.5000000002923171,0.0,0.0,2.7597690355207873e-09,0,70,255.0,255.0,255.0
340,17.0,2.5,-5.0,-2.146,0.0,0.0,0.500000000410613,0.0,0.0,1.9720660660027534e-09,0,70,255.0,255.0,255.0
341,17.05,2.5,-5.0,-2.120999999978318,0.0,0.0,0.5000000004303617,0.0,0.0,-1.1821159162650923e-09,0,70,255.0,255.0,255.0
342,17.1,2.5,-5.0,-2.0959999999595915,0.0,0.0,0.5000000002924013,0.0,0.0,-4.336297898532938e-09,0,70,255.0,255.0,255.0
343,17.150000000000002,2.5,-5.0,-2.0709999999517055,0.0,0.0,0.49999999999673195,0.0,0.0,-7.490479880800783e-09,0,70,255.0,255.0,255.0
344,17.2,2.5,-5.0,-2.0459999999625476,0.0,0.0,0.4999999995433534,0.0,0.0,-1.0644661863068406e-08,0,70,255.0,255.0,255.0
345,17.25,2.5,-5.0,-2.021,0.0,0.0,0.49999999893226577,0.0,0.0,-1.379884384533625e-08,0,70,255.0,255.0,255.0
346,17.3,2.5,-5.0,-1.9960000000650497,0.0,0.0,0.4999999985774343,0.0,0.0,-3.9441321320035943e-10,0,70,255.0,255.0,255.0
347,17.35,2.5,-5.0,-1.9710000001310855,0.0,0.0,0.4999999988928245,0.0,0.0,1.3010017418935532e-08,0,70,255.0,255.0,255.0
348,17.400000000000002,2.5,-5.0,-1.946000000164596,0.0,0.0,0.4999999998784361,0.0,0.0,2.641444805107142e-08,0,70,255.0,255.0,255.0
349,17.45,2.5,-5.0,-1.9210000001320726,0.0,0.0,0.5000000015342693,0.0,0.0,3.981887868320636e-08,0,70,255.0,255.0,255.0
350,17.5,2.5,-5.0,-1.896,0.0,0.0,0.500000003860324,0.0,0.0,5.322330576262857e-08,0,70,255.0,255.0,255.0
351,17.55,2.5,-5.0,-1.8709999997614806,0.0,0.0,0.5000000052599007,0.0,0.0,2.7597673479810613e-09,0,70,255.0,255.0,255.0
352,17.6,2.5,-5.0,-1.8459999995160623,0.0,0.0,0.5000000041363006,0.0,0.0,-4.770377106666645e-08,0,70,255.0,255.0,255.0
353,17.650000000000002,2.5,-5.0,-1.8209999993899029,0.0,0.0,0.5000000004895236,0.0,0.0,-9.816730948131394e-08,0,70,255.0,255.0,255.0
354,17.7,2.5,-5.0,-1.7959999995091638,0.0,0.0,0.49999999431956976,0.0,0.0,-1.486308478959579e-07,0,70,255.0,255.0,255.0
355,17.75,2.5,-5.0,-1.771,0.0,0.0,0.4999999856264388,0.0,0.0,-1.9909438764287302e-07,0,70,255.0,255.0,255.0
356,17.8,2.5,-5.0,-1.7460000008890249,0.0,0.0,0.4999999803829626,0.0,0.0,-1.064466141897655e-08,0,70,255.0,255.0,255.0
357,17.85,2.5,-5.0,-1.7210000018046614,0.0,0.0,0.4999999845619727,0.0,0.0,1.7780506480491992e-07,0,70,255.0,255.0,255.0
358,17.900000000000002,2.5,-5.0,-1.6960000022757855,0.0,0.0,0.4999999981634691,0.0,0.0,3.662547910288164e-07,0,70,255.0,255.0,255.0
359,17.95,2.5,-5.0,-1.6710000018312743,0.0,0.0,0.5000000211874518,0.0,0.0,5.547045172526994e-07,0,70,255.0,255.0,255.0
360,18.0,2.5,-5.0,-1.646,0.0,0.0,0.5000000536339209,0.0,0.0,7.431542412561498e-07,0,70,255.0,255.0,255.0
361,18.05,2.5,-5.0,-1.6209999966824173,0.0,0.0,0.5000000732082488,0.0,0.0,3.981887637393264e-08,0,70,255.0,255.0,255.0
362,18.1,2.5,-5.0,-1.595999993265287,0.0,0.0,0.5000000576158086,0.0,0.0,-6.635164885082845e-07,0,70,255.0,255.0,255.0
363,18.150000000000002,2.5,-5.0,-1.5709999915069484,0.0,0.0,0.5000000068566,0.0,0.0,-1.3668518533905018e-06,0,70,255.0,255.0,255.0
364,18.2,2.5,-5.0,-1.545999993165741,0.0,0.0,0.4999999209306232,0.0,0.0,-2.070187218272669e-06,0,70,255.0,255.0,255.0
365,18.25,2.5,-5.0,-1.521,0.0,0.0,0.4999997998378781,0.0,0.0,-2.7735225822667076e-06,0,70,255.0,255.0,255.0
366,18.3,2.5,-5.0,-1.496000012381304,0.0,0.0,0.49999972678404236,0.0,0.0,-1.486308478959215e-07,0,70,255.0,255.0,255.0
367,18.35,2.5,-5.0,-1.4710000251341853,0.0,0.0,0.49999978497479336,0.0,0.0,2.4762608864748646e-06,0,70,255.0,255.0,255.0
368,18.400000000000002,2.5,-5.0,-1.4460000316964143,0.0,0.0,0.499999974410131,0.0,0.0,5.1011526208456515e-06,0,70,255.0,255.0,255.0
369,18.45,2.5,-5.0,-1.4210000255057633,0.0,0.0,0.5000002950900554,0.0,0.0,7.72604435521625e-06,0,70,255.0,255.0,255.0
370,18.5,2.5,-5.0,-1.396,0.0,0.0,0.5000007470145665,0.0,0.0,1.0350936091363394e-05,0,70,255.0,255.0,255.0
371,18.55,2.5,-5.0,-1.3709999537923643,0.0,0.0,0.5000010196555817,0.0,0.0,5.547045171637443e-07,0,70,255.0,255.0,255.0
372,18.6,2.5,-5.0,-1.3459999061979673,0.0,0.0,0.5000008024850183,0.0,0.0,-9.241527057035905e-06,0,70,255.0,255.0,255.0
373,18.650000000000002,2.5,-5.0,-1.3209998817073882,0.0,0.0,0.500000095502876,0.0,0.0,-1.9037758631235554e-05,0,70,255.0,255.0,255.0
374,18.7,2.5,-5.0,-1.2959999048112072,0.0,0.0,0.49999889870915515,0.0,0.0,-2.8833990205434507e-05,0,70,255.0,255.0,255.0
375,18.75,2.5,-5.0,-1.271,0.0,0.0,0.49999721210385556,0.0,0.0,-3.863022177830189e-05,0,70,255.0,255.0,255.0
376,18.8,2.5,-5.0,-1.2460001724492364,0.0,0.0,0.49999619459363065,0.0,0.0,-2.070187218005705e-06,0,70,255.0,255.0,255.0
377,18.85,2.5,-5.0,-1.2210003500739408,0.0,0.0,0.4999970050851338,0.0,0.0,3.448984734229048e-05,0,70,255.0,255.0,255.0
378,18.900000000000002,2.5,-5.0,-1.1960004414740268,0.0,0.0,0.49999964357836485,0.0,0.0,7.104988190258666e-05,0,70,255.0,255.0,255.0
379,18.95,2.5,-5.0,-1.1710003552494097,0.0,0.0,0.500004110073324,0.0,0.0,0.00010760991646288024,0,70,255.0,255.0,255.0
380,19.0,2.5,-5.0,-1.146,0.0,0.0,0.5000104045700112,0.0,0.0,0.00014416995102717323,0,70,255.0,255.0,255.0
381,19.05,2.5,-5.0,-1.1209993564106882,0.0,0.0,0.5000142019698958,0.0,0.0,7.72604435699071e-06,0,70,255.0,255.0,255.0
382,19.1,2.5,-5.0,-1.0959986935062649,0.0,0.0,0.500011177174447,0.0,0.0,-0.0001287178623131918,0,70,255.0,255.0,255.0
383,19.150000000000002,2.5,-5.0,-1.070998352396498,0.0,0.0,0.5000013301836644,0.0,0.0,-0.00026516176898337435,0,70,255.0,255.0,255.0
384,19.200000000000003,2.5,-5.0,-1.0459986741911538,0.0,0.0,0.4999846609975486,0.0,0.0,-0.00040160567565355684,0,70,255.0,255.0,255.0
385,19.25,2.5,-5.0,-1.021,0.0,0.0,0.4999611696160992,0.0,0.0,-0.0005380495823223974,0,70,255.0,255.0,255.0
386,19.3,2.5,-5.0,-0.9960024019080091,0.0,0.0,0.49994699752678595,0.0,0.0,-2.88339902072926e-05,0,70,255.0,255.0,255.0
387,19.35,2.5,-5.0,-0.9710048759009938,0.0,0.0,0.49995828621707844,0.0,0.0,0.0004803816019078122,0,70,255.0,255.0,255.0
388,19.400000000000002,2.5,-5.0,-0.9460061489399738,0.0,0.0,0.4999950356869768,0.0,0.0,0.0009895971940229171,0,70,255.0,255.0,255.0
389,19.450000000000003,2.5,-5.0,-0.9210049479859687,0.0,0.0,0.5000572459364808,0.0,0.0,0.0014988127861380218,0,70,255.0,255.0,255.0
390,19.5,2.5,-5.0,-0.896,0.0,0.0,0.5001449169655905,0.0,0.0,0.0020080283782526465,0,70,255.0,255.0,255.0
391,19.55,2.5,-5.0,-0.8709910359572731,0.0,0.0,0.5001978079229585,0.0,0.0,0.000107609916466673,0,70,255.0,255.0,255.0
392,19.6,2.5,-5.0,-0.845981802889755,0.0,0.0,0.5001556779572373,0.0,0.0,-0.0017928085453193005,0,70,255.0,255.0,255.0
393,19.650000000000002,2.5,-5.0,-0.8209770518436001,0.0,0.0,0.5000185270684265,0.0,0.0,-0.003693227007105274,0,70,255.0,255.0,255.0
394,19.700000000000003,2.5,-5.0,-0.7959815338649631,0.0,0.0,0.4997863552565266,0.0,0.0,-0.005593645468891247,0,70,255.0,255.0,255.0
395,19.75,2.5,-5.0,-0.771,0.0,0.0,0.49945916252153744,0.0,0.0,-0.0074940639306788626,0,70,255.0,255.0,255.0
396,19.8,2.5,-5.0,-0.7460334542628965,0.0,0.0,0.4992617707813792,0.0,0.0,-0.0004016056756511394,0,70,255.0,255.0,255.0
397,19.85,2.5,-5.0,-0.7210679125399821,0.0,0.0,0.4994190019539723,0.0,0.0,0.006690852579376584,0,70,255.0,255.0,255.0
398,19.900000000000002,2.5,-5.0,-0.6960856436856194,0.0,0.0,0.49993085603931686,0.0,0.0,0.01378331083440431,0,70,255.0,255.0,255.0
399,19.950000000000003,2.5,-5.0,-0.6710689165541707,0.0,0.0,0.5007973330374128,0.0,0.0,0.02087576908943203,0,70,255.0,255.0,255.0
400,20.0,2.5,-5.0,-0.646,0.0,0.0,0.5020184329482599,0.0,0.0,0.027968227344456587,0,70,255.0,255.0,255.0
401,20.05,2.5,-5.0,-0.6208751469911387,0.0,0.0,0.5027551089515246,0.0,0.0,0.0014988127861348642,0,70,255.0,255.0,255.0
402,20.1,2.5,-5.0,-0.5957465469503122,0.0,0.0,0.5021683142268734,0.0,0.0,-0.024970601772186858,0,70,255.0,255.0,255.0
403,20.150000000000002,2.5,-5.0,-0.5706803734139159,0.0,0.0,0.5002580487743059,0.0,0.0,-0.051440016330508584,0,70,255.0,255.0,255.0
404,20.200000000000003,2.5,-5.0,-0.5457427999183462,0.0,0.0,0.49702431259382246,0.0,0.0,-0.0779094308888303,0,70,255.0,255.0,255.0
405,20.25,2.5,-5.0,-0.521,0.0,0.0,0.4924671056854232,0.0,0.0,-0.10437884544715192,0,70,255.0,255.0,255.0
406,20.3,2.5,-5.0,-0.49646595777254654,0.0,0.0,0.48971779341252203,0.0,0.0,-0.005593645468890629,0,70,255.0,255.0,255.0
407,20.35,2.5,-5.0,-0.4719458996587652,0.0,0.0,0.49190774113853414,0.0,0.0,0.09319155450937067,0,70,255.0,255.0,255.0
408,20.400000000000002,2.5,-5.0,-0.44719286265871055,0.0,0.0,0.4990369488634593,0.0,0.0,0.19197675448763196,0,70,255.0,255.0,255.0
409,20.450000000000003,2.5,-5.0,-0.4219598837724367,0.0,0.0,0.5111054165872976,0.0,0.0,0.29076195446589326,0,70,255.0,255.0,255.0
410,20.5,2.5,-5.0,-0.396,0.0,0.0,0.5281131443100476,0.0,0.0,0.3895471544441458,0,70,255.0,255.0,255.0
411,20.55,2.5,-5.0,-0.3690946219186732,0.0,0.0,0.5483577173983873,0.0,0.0,0.4202357690894309,0,70,255.0,255.0,255.0
412,20.6,2.5,-5.0,-0.34113865441462277,0.0,0.0,0.5701367212189913,0.0,0.0,0.450924383734716,0,70,255.0,255.0,255.0
413,20.650000000000002,2.5,-5.0,-0.31205537595123556,0.0,0.0,0.5934501557718596,0.0,0.0,0.4816129983800011,0,70,255.0,255.0,255.0
414,20.700000000000003,2.5,-5.0,-0.28176806499189827,0.0,0.0,0.6182980210569922,0.0,0.0,0.5123016130252862,0,70,255.0,255.0,255.0
415,20.75,2.5,-5.0,-0.2502,0.0,0.0,0.644680317074387,0.0,0.0,0.5429902276705709,0,70,255.0,255.0,255.0
416,20.8,2.5,-5.0,-0.21744355455275835,0.0,0.0,0.6624513369939307,0.0,0.0,0.16785056911116475,0,70,255.0,255.0,255.0
417,20.85,2.5,-5.0,-0.18426748268273882,0.0,0.0,0.6614653739855038,0.0,0.0,-0.20728908944824143,0,70,255.0,255.0,255.0
418,20.900000000000002,2.5,-5.0,-0.1516096335363399,0.0,0.0,0.6417224280491063,0.0,0.0,-0.5824287480076475,0,70,255.0,255.0,255.0
419,20.950000000000003,2.5,-5.0,-0.12040785625996013,0.0,0.0,0.603222499184738,0.0,0.0,-0.9575684065670538,0,70,255.0,255.0,255.0
420,21.0,2.5,-5.0,-0.0916,0.0,0.0,0.5459655873924043,0.0,0.0,-1.3327080651264311,0,70,255.0,255.0,255.0
421,21.05,2.5,-5.0,-0.06601195987029068,0.0,0.0,0.47666893462588966,0.0,0.0,-1.4391580455341146,0,70,255.0,255.0,255.0
422,21.1,2.5,-5.0,-0.04402181485441676,0.0,0.0,0.4020497828389908,0.0,0.0,-1.545608025941798,0,70,255.0,255.0,255.0
423,21.150000000000002,2.5,-5.0,-0.025895689903397443,0.0,0.0,0.3221081320317077,0.0,0.0,-1.6520580063494814,0,70,255.0,255.0,255.0
424,21.200000000000003,2.5,-5.0,-0.011899709968251942,0.0,0.0,0.23684398220404032,0.0,0.0,-1.7585079867571647,0,70,255.0,255.0,255.0
425,21.25,2.5,-5.0,-0.0023,0.0,0.0,0.1462573333559953,0.0,0.0,-1.8649579671648409,0,70,255.0,255.0,255.0
426,21.3,2.5,-5.0,0.0028737940339229797,0.0,0.0,0.06453692450250545,0.0,0.0,-1.4038583869747072,0,70,255.0,255.0,255.0
427,21.35,2.5,-5.0,0.004537942100409091,0.0,0.0,0.005871494658522609,0.0,0.0,-0.9427588067845735,0,70,255.0,255.0,255.0
428,21.400000000000002,2.5,-5.0,0.0038451931499337002,0.0,0.0,-0.02973895617595325,0.0,0.0,-0.4816592265944397,0,70,255.0,255.0,255.0
429,21.450000000000003,2.5,-5.0,0.0019482961329721788,0.0,0.0,-0.042294428000922035,0.0,0.0,-0.020559646404306076,0,70,255.0,255.0,255.0
430,21.5,2.5,-5.0,0.0,0.0,0.0,-0.031794920816385484,0.0,0.0,0.44053993378579476,0,70,255.0,255.0,255.0
431,21.55,2.5,-5.0,-0.0010856162654007174,0.0,0.0,-0.012560632635916174,0.0,0.0,0.32883159343296664,0,70,255.0,255.0,255.0
432,21.6,2.5,-5.0,-0.001349153547218995,0.0,0.0,0.0010882385269116498,0.0,0.0,0.21712325308013852,0,70,255.0,255.0,255.0
433,21.650000000000002,2.5,-5.0,-0.0010698826963369105,0.0,0.0,0.009151692672097977,0.0,0.0,0.1054149127273104,0,70,255.0,255.0,255.0
434,21.700000000000003,2.5,-5.0,-0.000527074563636543,0.0,0.0,0.011629729799642843,0.0,0.0,-0.006293427625517711,0,70,255.0,255.0,255.0
435,21.75,2.5,-5.0,0.0,0.0,0.0,0.008522349909546624,0.0,0.0,-0.11800176797833786,0,70,255.0,255.0,255.0
436,21.8,2.5,-5.0,0.00029107102767990254,0.0,0.0,0.0033696060411591414,0.0,0.0,-0.0881079867571585,0,70,255.0,255.0,255.0
437,21.85,2.5,-5.0,0.00036187208846690243,0.0,0.0,-0.0002884487661693521,0.0,0.0,-0.058214205535979155,0,70,255.0,255.0,255.0
438,21.900000000000002,2.5,-5.0,0.00028713763541395027,0.0,0.0,-0.002451814512438857,0.0,0.0,-0.028320424314799808,0,70,255.0,255.0,255.0
439,21.950000000000003,2.5,-5.0,0.00014160212157399664,0.0,0.0,-0.003120491197649372,0.0,0.0,0.0015733569063795527,0,70,255.0,255.0,255.0
440,22.0,2.5,-5.0,0.0,0.0,0.0,-0.0022944788218010144,0.0,0.0,0.03146713812755677,0,70,255.0,255.0,255.0
441,22.05,2.5,-5.0,-7.866784531889257e-05,0.0,0.0,-0.0009177915287203888,0.0,0.0,0.023600353595667464,0,70,255.0,255.0,255.0
442,22.1,2.5,-5.0,-9.833480664861479e-05,0.0,0.0,6.555653776576587e-05,0.0,0.0,0.01573356906377816,0,70,255.0,255.0,255.0
443,22.150000000000002,2.5,-5.0,-7.866784531889051e-05,0.0,0.0,0.0006555653776574492,0.0,0.0,0.007866784531888858,0,70,255.0,255.0,255.0
444,22.200000000000003,2.5,-5.0,-3.933392265944354e-05,0.0,0.0,0.0008522349909546628,0.0,0.0,-4.510281037539698e-16,0,70,255.0,255.0,255.0
445,22.25,2.5,-5.0,0.0,0.0,0.0,0.0006555653776574326,0.0,0.0,-0.00786678453188919,0,70,255.0,255.0,255.0
446,22.3,2.5,-5.0,2.360035359566779e-05,0.0,0.0,0.0003015600737224145,0.0,0.0,-0.00629342762551133,0,70,255.0,255.0,255.0
447,22.35,2.5,-5.0,3.14671381275568e-05,0.0,0.0,2.622261510629059e-05,0.0,0.0,-0.00472007071913347,0,70,255.0,255.0,255.0
448,22.400000000000002,2.5,-5.0,2.7533745861611804e-05,0.0,0.0,-0.00017044699819093918,0.0,0.0,-0.003146713812755609,0,70,255.0,255.0,255.0
449,22.450000000000003,2.5,-5.0,1.5733569063777566e-05,0.0,0.0,-0.0002884487661692748,0.0,0.0,-0.0015733569063777486,0,70,255.0,255.0,255.0
450,22.5,2.5,-5.0,0.0,0.0,0.0,-0.0003277826888287163,0.0,0.0,8.673617379884035e-19,0,70,255.0,255.0,255.0
451,22.55,2.5,-5.0,-1.5733569063778586e-05,0.0,0.0,-0.00028844876616926916,0.0,0.0,0.0015733569063778607,0,70,255.0,255.0,255.0
452,22.6,2.5,-5.0,-2.7533745861612404e-05,0.0,0.0,-0.00017044699819092793,0.0,0.0,0.0031467138127557206,0,70,255.0,255.0,255.0
453,22.650000000000002,2.5,-5.0,-3.1467138127556704e-05,0.0,0.0,2.6222615106307314e-05,0.0,0.0,0.004720070719133581,0,70,255.0,255.0,255.0
454,22.700000000000003,2.5,-5.0,-2.3600353595666715e-05,0.0,0.0,0.0003015600737224368,0.0,0.0,0.00629342762551144,0,70,255.0,255.0,255.0
