idx,t,px,py,pz,vx,vy,vz,ax,ay,az,yaw,ledr,ledg,ledb
0,0.0,0,0,-0.0,0.0,0.0,-1.0,nan,nan,nan,0,nan,nan,nan
1,0.1,0,0,-0.1,0.0,0.0,-1.0,nan,nan,nan,0,nan,nan,nan
2,0.2,0,0,-0.2,0.0,0.0,-1.0,nan,nan,nan,0,nan,nan,nan
3,0.30000000000000004,0,0,-0.30000000000000004,0.0,0.0,-1.0,nan,nan,nan,0,nan,nan,nan
4,0.4,0,0,-0.4,0.0,0.0,-1.0,nan,nan,nan,0,nan,nan,nan
5,0.5,0,0,-0.5,0.0,0.0,-1.0,nan,nan,nan,0,nan,nan,nan
6,0.6000000000000001,0,0,-0.6000000000000001,0.0,0.0,-1.0,nan,nan,nan,0,nan,nan,nan
7,0.7000000000000001,0,0,-0.7000000000000001,0.0,0.0,-1.0,nan,nan,nan,0,nan,nan,nan
8,0.8,0,0,-0.8,0.0,0.0,-1.0,nan,nan,nan,0,nan,nan,nan
9,0.9,0,0,-0.9,0.0,0.0,-1.0,nan,nan,nan,0,nan,nan,nan
10,1.0,0,0,-1.0,0.0,0.0,-1.0,nan,nan,nan,0,nan,nan,nan
11,1.1,0,0,-1.1,0.0,0.0,-1.0,nan,nan,nan,0,nan,nan,nan
12,1.2000000000000002,0,0,-1.2000000000000002,0.0,0.0,-1.0,nan,nan,nan,0,nan,nan,nan
13,1.3,0,0,-1.3,0.0,0.0,-1.0,nan,nan,nan,0,nan,nan,nan
14,1.4000000000000001,0,0,-1.4000000000000001,0.0,0.0,-1.0,nan,nan,nan,0,nan,nan,nan
15,1.5,0,0,-1.5,0.0,0.0,-1.0,nan,nan,nan,0,nan,nan,nan
16,1.6,0,0,-1.6,0.0,0.0,-1.0,nan,nan,nan,0,nan,nan,nan
17,1.7000000000000002,0,0,-1.7000000000000002,0.0,0.0,-1.0,nan,nan,nan,0,nan,nan,nan
18,1.8,0,0,-1.8,0.0,0.0,-1.0,nan,nan,nan,0,nan,nan,nan
19,1.9000000000000001,0,0,-1.9000000000000001,0.0,0.0,-1.0,nan,nan,nan,0,nan,nan,nan
20,2.0,0,0,-2.0,0.0,0.0,-1.0,nan,nan,nan,0,nan,nan,nan
21,2.1,0,0,-2.1,0.0,0.0,-1.0,nan,nan,nan,0,nan,nan,nan
22,2.2,0,0,-2.2,0.0,0.0,-1.0,nan,nan,nan,0,nan,nan,nan
23,2.3000000000000003,0,0,-2.3000000000000003,0.0,0.0,-1.0,nan,nan,nan,0,nan,nan,nan
24,2.4000000000000004,0,0,-2.4000000000000004,0.0,0.0,-1.0,nan,nan,nan,0,nan,nan,nan
25,2.5,0,0,-2.5,0.0,0.0,-1.0,nan,nan,nan,0,nan,nan,nan
26,2.6,0,0,-2.6,0.0,0.0,-1.0,nan,nan,nan,0,nan,nan,nan
27,2.7,0,0,-2.7,0.0,0.0,-1.0,nan,nan,nan,0,nan,nan,nan
28,2.8000000000000003,0,0,-2.8000000000000003,0.0,0.0,-1.0,nan,nan,nan,0,nan,nan,nan
29,2.9000000000000004,0,0,-2.9000000000000004,0.0,0.0,-1.0,nan,nan,nan,0,nan,nan,nan
30,3.0,0,0,-3.0,0.0,0.0,-1.0,nan,nan,nan,0,nan,nan,nan
31,3.1,0,0,-3.1,0.0,0.0,-1.0,nan,nan,nan,0,nan,nan,nan
32,3.2,0,0,-3.2,0.0,0.0,-1.0,nan,nan,nan,0,nan,nan,nan
33,3.3000000000000003,0,0,-3.3000000000000003,0.0,0.0,-1.0,nan,nan,nan,0,nan,nan,nan
34,3.4000000000000004,0,0,-3.4000000000000004,0.0,0.0,-1.0,nan,nan,nan,0,nan,nan,nan
35,3.5,0,0,-3.5,0.0,0.0,-1.0,nan,nan,nan,0,nan,nan,nan
36,3.6,0,0,-3.6,0.0,0.0,-1.0,nan,nan,nan,0,nan,nan,nan
37,3.7,0,0,-3.7,0.0,0.0,-1.0,nan,nan,nan,0,nan,nan,nan
38,3.8000000000000003,0,0,-3.8000000000000003,0.0,0.0,-1.0,nan,nan,nan,0,nan,nan,nan
39,3.9000000000000004,0,0,-3.9000000000000004,0.0,0.0,-1.0,nan,nan,nan,0,nan,nan,nan
40,4.0,0,0,-4.0,0.0,0.0,-1.0,nan,nan,nan,0,nan,nan,nan
41,4.1000000000000005,0,0,-4.1000000000000005,0.0,0.0,-1.0,nan,nan,nan,0,nan,nan,nan
42,4.2,0,0,-4.2,0.0,0.0,-1.0,nan,nan,nan,0,nan,nan,nan
43,4.3,0,0,-4.3,0.0,0.0,-1.0,nan,nan,nan,0,nan,nan,nan
44,4.4,0,0,-4.4,0.0,0.0,-1.0,nan,nan,nan,0,nan,nan,nan
45,4.5,0,0,-4.5,0.0,0.0,-1.0,nan,nan,nan,0,nan,nan,nan
46,4.6000000000000005,0,0,-4.6000000000000005,0.0,0.0,-1.0,nan,nan,nan,0,nan,nan,nan
47,4.7,0,0,-4.7,0.0,0.0,-1.0,nan,nan,nan,0,nan,nan,nan
48,4.800000000000001,0,0,-4.800000000000001,0.0,0.0,-1.0,nan,nan,nan,0,nan,nan,nan
49,4.9,0,0,-4.9,0.0,0.0,-1.0,nan,nan,nan,0,nan,nan,nan
50,5.0,0,0,-5.0,0.0,0.0,-1.0,nan,nan,nan,0,nan,nan,nan
51,5.1000000000000005,0,0,-5.1000000000000005,0.0,0.0,-1.0,nan,nan,nan,0,nan,nan,nan
52,5.2,0,0,-5.2,0.0,0.0,-1.0,nan,nan,nan,0,nan,nan,nan
53,5.300000000000001,0,0,-5.300000000000001,0.0,0.0,-1.0,nan,nan,nan,0,nan,nan,nan
54,5.4,0,0,-5.4,0.0,0.0,-1.0,nan,nan,nan,0,nan,nan,nan
55,5.5,0,0,-5.5,0.0,0.0,-1.0,nan,nan,nan,0,nan,nan,nan
56,5.6000000000000005,0,0,-5.6000000000000005,0.0,0.0,-1.0,nan,nan,nan,0,nan,nan,nan
57,5.7,0,0,-5.7,0.0,0.0,-1.0,nan,nan,nan,0,nan,nan,nan
58,5.800000000000001,0,0,-5.800000000000001,0.0,0.0,-1.0,nan,nan,nan,0,nan,nan,nan
59,5.9,0,0,-5.9,0.0,0.0,-1.0,nan,nan,nan,0,nan,nan,nan
60,6.0,0,0,-6.0,0.0,0.0,-1.0,nan,nan,nan,0,nan,nan,nan
61,6.1000000000000005,0,0,-6.1000000000000005,0.0,0.0,-1.0,nan,nan,nan,0,nan,nan,nan
62,6.2,0,0,-6.2,0.0,0.0,-1.0,nan,nan,nan,0,nan,nan,nan
63,6.300000000000001,0,0,-6.300000000000001,0.0,0.0,-1.0,nan,nan,nan,0,nan,nan,nan
64,6.4,0,0,-6.4,0.0,0.0,-1.0,nan,nan,nan,0,nan,nan,nan
65,6.5,0,0,-6.5,0.0,0.0,-1.0,nan,nan,nan,0,nan,nan,nan
66,6.6000000000000005,0,0,-6.6000000000000005,0.0,0.0,-1.0,nan,nan,nan,0,nan,nan,nan
67,6.7,0,0,-6.7,0.0,0.0,-1.0,nan,nan,nan,0,nan,nan,nan
68,6.800000000000001,0,0,-6.800000000000001,0.0,0.0,-1.0,nan,nan,nan,0,nan,nan,nan
69,6.9,0,0,-6.9,0.0,0.0,-1.0,nan,nan,nan,0,nan,nan,nan
70,7.0,0,0,-7.0,0.0,0.0,-1.0,nan,nan,nan,0,nan,nan,nan
71,7.1000000000000005,0,0,-7.1000000000000005,0.0,0.0,-1.0,nan,nan,nan,0,nan,nan,nan
72,7.2,0,0,-7.2,0.0,0.0,-1.0,nan,nan,nan,0,nan,nan,nan
73,7.300000000000001,0,0,-7.300000000000001,0.0,0.0,-1.0,nan,nan,nan,0,nan,nan,nan
74,7.4,0,0,-7.4,0.0,0.0,-1.0,nan,nan,nan,0,nan,nan,nan
75,7.5,0,0,-7.5,0.0,0.0,-1.0,nan,nan,nan,0,nan,nan,nan
76,7.6000000000000005,0,0,-7.6000000000000005,0.0,0.0,-1.0,nan,nan,nan,0,nan,nan,nan
77,7.7,0,0,-7.7,0.0,0.0,-1.0,nan,nan,nan,0,nan,nan,nan
78,7.800000000000001,0,0,-7.800000000000001,0.0,0.0,-1.0,nan,nan,nan,0,nan,nan,nan
79,7.9,0,0,-7.9,0.0,0.0,-1.0,nan,nan,nan,0,nan,nan,nan
80,8.0,0,0,-8.0,0.0,0.0,-1.0,nan,nan,nan,0,nan,nan,nan
81,8.1,0,0,-8.1,0.0,0.0,-1.0,nan,nan,nan,0,nan,nan,nan
82,8.200000000000001,0,0,-8.200000000000001,0.0,0.0,-1.0,nan,nan,nan,0,nan,nan,nan
83,8.3,0,0,-8.3,0.0,0.0,-1.0,nan,nan,nan,0,nan,nan,nan
84,8.4,0,0,-8.4,0.0,0.0,-1.0,nan,nan,nan,0,nan,nan,nan
85,8.5,0,0,-8.5,0.0,0.0,-1.0,nan,nan,nan,0,nan,nan,nan
86,8.6,0,0,-8.6,0.0,0.0,-1.0,nan,nan,nan,0,nan,nan,nan
87,8.700000000000001,0,0,-8.700000000000001,0.0,0.0,-1.0,nan,nan,nan,0,nan,nan,nan
88,8.8,0,0,-8.8,0.0,0.0,-1.0,nan,nan,nan,0,nan,nan,nan
89,8.9,0,0,-8.9,0.0,0.0,-1.0,nan,nan,nan,0,nan,nan,nan
90,9.0,0,0,-9.0,0.0,0.0,-1.0,nan,nan,nan,0,nan,nan,nan
91,9.1,0,0,-9.1,0.0,0.0,-1.0,nan,nan,nan,0,nan,nan,nan
92,9.200000000000001,0,0,-9.200000000000001,0.0,0.0,-1.0,nan,nan,nan,0,nan,nan,nan
93,9.3,0,0,-9.3,0.0,0.0,-1.0,nan,nan,nan,0,nan,nan,nan
94,9.4,0,0,-9.4,0.0,0.0,-1.0,nan,nan,nan,0,nan,nan,nan
95,9.5,0,0,-9.5,0.0,0.0,-1.0,nan,nan,nan,0,nan,nan,nan
96,9.600000000000001,0,0,-9.600000000000001,0.0,0.0,-1.0,nan,nan,nan,0,nan,nan,nan
97,9.700000000000001,0,0,-9.700000000000001,0.0,0.0,-1.0,nan,nan,nan,0,nan,nan,nan
98,9.8,0,0,-9.8,0.0,0.0,-1.0,nan,nan,nan,0,nan,nan,nan
99,9.9,0,0,-9.9,0.0,0.0,-1.0,nan,nan,nan,0,nan,nan,nan
100,10.0,0,0,-10,0.0,0.0,0.0,nan,nan,nan,0,nan,nan,nan
101,10.1,0,0,-10,0.0,0.0,0.0,nan,nan,nan,0,nan,nan,nan
102,10.2,0,0,-10,0.0,0.0,0.0,nan,nan,nan,0,nan,nan,nan
103,10.3,0,0,-10,0.0,0.0,0.0,nan,nan,nan,0,nan,nan,nan
104,10.4,0,0,-10,0.0,0.0,0.0,nan,nan,nan,0,nan,nan,nan
105,10.5,0,0,-10,0.0,0.0,0.0,nan,nan,nan,0,nan,nan,nan
106,10.6,0,0,-10,0.0,0.0,0.0,nan,nan,nan,0,nan,nan,nan
107,10.7,0,0,-10,0.0,0.0,0.0,nan,nan,nan,0,nan,nan,nan
108,10.8,0,0,-10,0.0,0.0,0.0,nan,nan,nan,0,nan,nan,nan
109,10.9,0,0,-10,0.0,0.0,0.0,nan,nan,nan,0,nan,nan,nan
110,11.0,0,0,-10,0.0,0.0,0.0,nan,nan,nan,0,nan,nan,nan
111,11.1,0,0,-10,0.0,0.0,0.0,nan,nan,nan,0,nan,nan,nan
112,11.2,0,0,-10,0.0,0.0,0.0,nan,nan,nan,0,nan,nan,nan
113,11.3,0,0,-10,0.0,0.0,0.0,nan,nan,nan,0,nan,nan,nan
114,11.4,0,0,-10,0.0,0.0,0.0,nan,nan,nan,0,nan,nan,nan
115,11.5,0,0,-10,0.0,0.0,0.0,nan,nan,nan,0,nan,nan,nan
116,11.6,0,0,-10,0.0,0.0,0.0,nan,nan,nan,0,nan,nan,nan
117,11.7,0,0,-10,0.0,0.0,0.0,nan,nan,nan,0,nan,nan,nan
118,11.8,0,0,-10,0.0,0.0,0.0,nan,nan,nan,0,nan,nan,nan
119,11.9,0,0,-10,0.0,0.0,0.0,nan,nan,nan,0,nan,nan,nan
740,12.0,0.0,0,-10,1.414213562373095,0,0,nan,nan,nan,0,nan,nan,nan
741,12.1,0.1414213562373095,0,-10,1.414213562373095,0,0,nan,nan,nan,0,nan,nan,nan
742,12.2,0.282842712474619,0,-10,1.414213562373095,0,0,nan,nan,nan,0,nan,nan,nan
743,12.3,0.42426406871192845,0,-10,1.414213562373095,0,0,nan,nan,nan,0,nan,nan,nan
744,12.4,0.565685424949238,0,-10,1.414213562373095,0,0,nan,nan,nan,0,nan,nan,nan
745,12.5,0.7071067811865475,0,-10,1.414213562373095,0,0,nan,nan,nan,0,nan,nan,nan
746,12.6,0.8485281374238569,0,-10,1.414213562373095,0,0,nan,nan,nan,0,nan,nan,nan
747,12.7,0.9899494936611665,0,-10,1.414213562373095,0,0,nan,nan,nan,0,nan,nan,nan
748,12.8,1.131370849898476,0,-10,1.414213562373095,0,0,nan,nan,nan,0,nan,nan,nan
749,12.9,1.2727922061357853,0,-10,1.414213562373095,0,0,nan,nan,nan,0,nan,nan,nan
750,13.0,1.414213562373095,0,-10,1.414213562373095,0,0,nan,nan,nan,0,nan,nan,nan
751,13.1,1.5556349186104044,0,-10,1.414213562373095,0,0,nan,nan,nan,0,nan,nan,nan
752,13.2,1.6970562748477138,0,-10,1.414213562373095,0,0,nan,nan,nan,0,nan,nan,nan
753,13.3,1.8384776310850235,0,-10,1.414213562373095,0,0,nan,nan,nan,0,nan,nan,nan
754,13.4,1.979898987322333,0,-10,1.414213562373095,0,0,nan,nan,nan,0,nan,nan,nan
755,13.5,2.1213203435596424,0,-10,1.414213562373095,0,0,nan,nan,nan,0,nan,nan,nan
756,13.6,2.262741699796952,0,-10,1.414213562373095,0,0,nan,nan,nan,0,nan,nan,nan
757,13.7,2.4041630560342613,0,-10,1.414213562373095,0,0,nan,nan,nan,0,nan,nan,nan
758,13.8,2.5455844122715705,0,-10,1.414213562373095,0,0,nan,nan,nan,0,nan,nan,nan
759,13.9,2.6870057685088806,0,-10,1.414213562373095,0,0,nan,nan,nan,0,nan,nan,nan
760,14.0,2.82842712474619,0,-10,1.414213562373095,0,0,nan,nan,nan,0,nan,nan,nan
761,14.1,2.9698484809834995,0,-10,1.414213562373095,0,0,nan,nan,nan,0,nan,nan,nan
762,14.2,3.1112698372208087,0,-10,1.414213562373095,0,0,nan,nan,nan,0,nan,nan,nan
763,14.3,3.252691193458118,0,-10,1.414213562373095,0,0,nan,nan,nan,0,nan,nan,nan
764,14.4,3.3941125496954276,0,-10,1.414213562373095,0,0,nan,nan,nan,0,nan,nan,nan
765,14.5,3.535533905932737,0,-10,1.414213562373095,0,0,nan,nan,nan,0,nan,nan,nan
766,14.6,3.676955262170047,0,-10,1.414213562373095,0,0,nan,nan,nan,0,nan,nan,nan
767,14.7,3.818376618407356,0,-10,1.414213562373095,0,0,nan,nan,nan,0,nan,nan,nan
768,14.8,3.959797974644666,0,-10,1.414213562373095,0,0,nan,nan,nan,0,nan,nan,nan
769,14.9,4.101219330881975,0,-10,1.414213562373095,0,0,nan,nan,nan,0,nan,nan,nan
770,15.0,4.242640687119285,0,-10,1.414213562373095,0,0,nan,nan,nan,0,nan,nan,nan
771,15.1,4.384062043356594,0,-10,1.414213562373095,0,0,nan,nan,nan,0,nan,nan,nan
772,15.2,4.525483399593904,0,-10,1.414213562373095,0,0,nan,nan,nan,0,nan,nan,nan
773,15.3,4.666904755831213,0,-10,1.414213562373095,0,0,nan,nan,nan,0,nan,nan,nan
774,15.4,4.808326112068523,0,-10,1.414213562373095,0,0,nan,nan,nan,0,nan,nan,nan
775,15.5,4.949747468305832,0,-10,1.414213562373095,0,0,nan,nan,nan,0,nan,nan,nan
776,15.6,5.091168824543141,0,-10,1.414213562373095,0,0,nan,nan,nan,0,nan,nan,nan
777,15.7,5.232590180780451,0,-10,1.414213562373095,0,0,nan,nan,nan,0,nan,nan,nan
778,15.8,5.374011537017761,0,-10,1.414213562373095,0,0,nan,nan,nan,0,nan,nan,nan
779,15.9,5.5154328932550705,0,-10,1.414213562373095,0,0,nan,nan,nan,0,nan,nan,nan
780,16.0,5.65685424949238,0,-10,1.414213562373095,0,0,nan,nan,nan,0,nan,nan,nan
781,16.1,5.798275605729689,0,-10,1.414213562373095,0,0,nan,nan,nan,0,nan,nan,nan
782,16.2,5.939696961966999,0,-10,1.414213562373095,0,0,nan,nan,nan,0,nan,nan,nan
783,16.3,6.081118318204308,0,-10,1.414213562373095,0,0,nan,nan,nan,0,nan,nan,nan
784,16.4,6.2225396744416175,0,-10,1.414213562373095,0,0,nan,nan,nan,0,nan,nan,nan
785,16.5,6.363961030678927,0,-10,1.414213562373095,0,0,nan,nan,nan,0,nan,nan,nan
786,16.6,6.505382386916236,0,-10,1.414213562373095,0,0,nan,nan,nan,0,nan,nan,nan
787,16.7,6.646803743153546,0,-10,1.414213562373095,0,0,nan,nan,nan,0,nan,nan,nan
788,16.8,6.788225099390855,0,-10,1.414213562373095,0,0,nan,nan,nan,0,nan,nan,nan
789,16.9,6.9296464556281645,0,-10,1.414213562373095,0,0,nan,nan,nan,0,nan,nan,nan
790,17.0,7.071067811865474,0,-10,1.414213562373095,0,0,nan,nan,nan,0,nan,nan,nan
791,17.1,7.212489168102785,0,-10,1.414213562373095,0,0,nan,nan,nan,0,nan,nan,nan
792,17.2,7.353910524340094,0,-10,1.414213562373095,0,0,nan,nan,nan,0,nan,nan,nan
793,17.3,7.495331880577403,0,-10,1.414213562373095,0,0,nan,nan,nan,0,nan,nan,nan
794,17.4,7.636753236814712,0,-10,1.414213562373095,0,0,nan,nan,nan,0,nan,nan,nan
795,17.5,7.778174593052022,0,-10,1.414213562373095,0,0,nan,nan,nan,0,nan,nan,nan
796,17.6,7.919595949289332,0,-10,1.414213562373095,0,0,nan,nan,nan,0,nan,nan,nan
797,17.7,8.06101730552664,0,-10,1.414213562373095,0,0,nan,nan,nan,0,nan,nan,nan
798,17.8,8.20243866176395,0,-10,1.414213562373095,0,0,nan,nan,nan,0,nan,nan,nan
799,17.9,8.343860018001259,0,-10,1.414213562373095,0,0,nan,nan,nan,0,nan,nan,nan
800,18.0,8.48528137423857,0,-10,1.414213562373095,0,0,nan,nan,nan,0,nan,nan,nan
801,18.1,8.626702730475879,0,-10,1.414213562373095,0,0,nan,nan,nan,0,nan,nan,nan
802,18.2,8.768124086713188,0,-10,1.414213562373095,0,0,nan,nan,nan,0,nan,nan,nan
803,18.3,8.909545442950497,0,-10,1.414213562373095,0,0,nan,nan,nan,0,nan,nan,nan
804,18.4,9.050966799187808,0,-10,1.414213562373095,0,0,nan,nan,nan,0,nan,nan,nan
805,18.5,9.192388155425117,0,-10,1.414213562373095,0,0,nan,nan,nan,0,nan,nan,nan
806,18.6,9.333809511662427,0,-10,1.414213562373095,0,0,nan,nan,nan,0,nan,nan,nan
807,18.7,9.475230867899736,0,-10,1.414213562373095,0,0,nan,nan,nan,0,nan,nan,nan
808,18.8,9.616652224137045,0,-10,1.414213562373095,0,0,nan,nan,nan,0,nan,nan,nan
809,18.9,9.758073580374354,0,-10,1.414213562373095,0,0,nan,nan,nan,0,nan,nan,nan
810,19.0,9.899494936611664,0,-10,1.414213562373095,0,0,nan,nan,nan,0,nan,nan,nan
811,19.1,10.040916292848973,0,-10,1.414213562373095,0,0,nan,nan,nan,0,nan,nan,nan
812,19.2,10.182337649086282,0,-10,1.414213562373095,0,0,nan,nan,nan,0,nan,nan,nan
813,19.3,10.323759005323593,0,-10,1.414213562373095,0,0,nan,nan,nan,0,nan,nan,nan
814,19.4,10.465180361560902,0,-10,1.414213562373095,0,0,nan,nan,nan,0,nan,nan,nan
815,19.5,10.606601717798211,0,-10,1.414213562373095,0,0,nan,nan,nan,0,nan,nan,nan
816,19.6,10.748023074035522,0,-10,1.414213562373095,0,0,nan,nan,nan,0,nan,nan,nan
817,19.7,10.88944443027283,0,-10,1.414213562373095,0,0,nan,nan,nan,0,nan,nan,nan
818,19.8,11.030865786510141,0,-10,1.414213562373095,0,0,nan,nan,nan,0,nan,nan,nan
819,19.9,11.172287142747448,0,-10,1.414213562373095,0,0,nan,nan,nan,0,nan,nan,nan
820,20.0,11.31370849898476,0,-10,1.414213562373095,0,0,nan,nan,nan,0,nan,nan,nan
821,20.1,11.455129855222069,0,-10,1.414213562373095,0,0,nan,nan,nan,0,nan,nan,nan
822,20.200000000000003,11.596551211459378,0,-10,1.414213562373095,0,0,nan,nan,nan,0,nan,nan,nan
823,20.3,11.737972567696687,0,-10,1.414213562373095,0,0,nan,nan,nan,0,nan,nan,nan
824,20.4,11.879393923933998,0,-10,1.414213562373095,0,0,nan,nan,nan,0,nan,nan,nan
825,20.5,12.020815280171306,0,-10,1.414213562373095,0,0,nan,nan,nan,0,nan,nan,nan
826,20.6,12.162236636408617,0,-10,1.414213562373095,0,0,nan,nan,nan,0,nan,nan,nan
827,20.700000000000003,12.303657992645924,0,-10,1.414213562373095,0,0,nan,nan,nan,0,nan,nan,nan
828,20.8,12.445079348883235,0,-10,1.414213562373095,0,0,nan,nan,nan,0,nan,nan,nan
829,20.9,12.586500705120546,0,-10,1.414213562373095,0,0,nan,nan,nan,0,nan,nan,nan
830,21.0,12.727922061357853,0,-10,1.414213562373095,0,0,nan,nan,nan,0,nan,nan,nan
831,21.1,12.869343417595164,0,-10,1.414213562373095,0,0,nan,nan,nan,0,nan,nan,nan
832,21.200000000000003,13.010764773832472,0,-10,1.414213562373095,0,0,nan,nan,nan,0,nan,nan,nan
833,21.3,13.152186130069783,0,-10,1.414213562373095,0,0,nan,nan,nan,0,nan,nan,nan
834,21.4,13.293607486307092,0,-10,1.414213562373095,0,0,nan,nan,nan,0,nan,nan,nan
835,21.5,13.435028842544401,0,-10,1.414213562373095,0,0,nan,nan,nan,0,nan,nan,nan
836,21.6,13.57645019878171,0,-10,1.414213562373095,0,0,nan,nan,nan,0,nan,nan,nan
837,21.700000000000003,13.71787155501902,0,-10,1.414213562373095,0,0,nan,nan,nan,0,nan,nan,nan
838,21.8,13.859292911256329,0,-10,1.414213562373095,0,0,nan,nan,nan,0,nan,nan,nan
839,21.9,14.00071426749364,0,-10,1.414213562373095,0,0,nan,nan,nan,0,nan,nan,nan
840,22.0,14.142135623730947,0,-10,1.414213562373095,0,0,nan,nan,nan,0,nan,nan,nan
841,22.1,14.283556979968258,0,-10,1.414213562373095,0,0,nan,nan,nan,0,nan,nan,nan
842,22.200000000000003,14.42497833620557,0,-10,1.414213562373095,0,0,nan,nan,nan,0,nan,nan,nan
843,22.3,14.566399692442877,0,-10,1.414213562373095,0,0,nan,nan,nan,0,nan,nan,nan
844,22.4,14.707821048680188,0,-10,1.414213562373095,0,0,nan,nan,nan,0,nan,nan,nan
845,22.5,14.849242404917495,0,-10,1.414213562373095,0,0,nan,nan,nan,0,nan,nan,nan
846,22.6,14.990663761154806,0,-10,1.414213562373095,0,0,nan,nan,nan,0,nan,nan,nan
847,22.700000000000003,15.132085117392116,0,-10,1.414213562373095,0,0,nan,nan,nan,0,nan,nan,nan
848,22.8,15.273506473629425,0,-10,1.414213562373095,0,0,nan,nan,nan,0,nan,nan,nan
849,22.9,15.414927829866734,0,-10,1.414213562373095,0,0,nan,nan,nan,0,nan,nan,nan
850,23.0,15.556349186104043,0,-10,1.414213562373095,0,0,nan,nan,nan,0,nan,nan,nan
851,23.1,15.697770542341352,0,-10,1.414213562373095,0,0,nan,nan,nan,0,nan,nan,nan
852,23.200000000000003,15.839191898578663,0,-10,1.414213562373095,0,0,nan,nan,nan,0,nan,nan,nan
853,23.3,15.980613254815971,0,-10,1.414213562373095,0,0,nan,nan,nan,0,nan,nan,nan
854,23.4,16.12203461105328,0,-10,1.414213562373095,0,0,nan,nan,nan,0,nan,nan,nan
855,23.5,16.263455967290593,0,-10,1.414213562373095,0,0,nan,nan,nan,0,nan,nan,nan
856,23.6,16.4048773235279,0,-10,1.414213562373095,0,0,nan,nan,nan,0,nan,nan,nan
857,23.700000000000003,16.54629867976521,0,-10,1.414213562373095,0,0,nan,nan,nan,0,nan,nan,nan
858,23.8,16.687720036002517,0,-10,1.414213562373095,0,0,nan,nan,nan,0,nan,nan,nan
859,23.9,16.82914139223983,0,-10,1.414213562373095,0,0,nan,nan,nan,0,nan,nan,nan
860,24.0,16.97056274847714,0,-10,1.414213562373095,0,0,nan,nan,nan,0,nan,nan,nan
861,24.1,17.11198410471445,0,-10,1.414213562373095,0,0,nan,nan,nan,0,nan,nan,nan
862,24.200000000000003,17.253405460951758,0,-10,1.414213562373095,0,0,nan,nan,nan,0,nan,nan,nan
863,24.3,17.394826817189067,0,-10,1.414213562373095,0,0,nan,nan,nan,0,nan,nan,nan
864,24.4,17.536248173426376,0,-10,1.414213562373095,0,0,nan,nan,nan,0,nan,nan,nan
865,24.5,17.677669529663685,0,-10,1.414213562373095,0,0,nan,nan,nan,0,nan,nan,nan
866,24.6,17.819090885900994,0,-10,1.414213562373095,0,0,nan,nan,nan,0,nan,nan,nan
867,24.700000000000003,17.960512242138304,0,-10,1.414213562373095,0,0,nan,nan,nan,0,nan,nan,nan
868,24.8,18.101933598375616,0,-10,1.414213562373095,0,0,nan,nan,nan,0,nan,nan,nan
869,24.9,18.243354954612922,0,-10,1.414213562373095,0,0,nan,nan,nan,0,nan,nan,nan
870,25.0,18.384776310850235,0,-10,1.414213562373095,0,0,nan,nan,nan,0,nan,nan,nan
871,25.1,18.52619766708754,0,-10,1.414213562373095,0,0,nan,nan,nan,0,nan,nan,nan
872,25.200000000000003,18.667619023324853,0,-10,1.414213562373095,0,0,nan,nan,nan,0,nan,nan,nan
873,25.3,18.809040379562163,0,-10,1.414213562373095,0,0,nan,nan,nan,0,nan,nan,nan
874,25.4,18.950461735799472,0,-10,1.414213562373095,0,0,nan,nan,nan,0,nan,nan,nan
875,25.5,19.09188309203678,0,-10,1.414213562373095,0,0,nan,nan,nan,0,nan,nan,nan
876,25.6,19.23330444827409,0,-10,1.414213562373095,0,0,nan,nan,nan,0,nan,nan,nan
877,25.700000000000003,19.3747258045114,0,-10,1.414213562373095,0,0,nan,nan,nan,0,nan,nan,nan
878,25.8,19.51614716074871,0,-10,1.414213562373095,0,0,nan,nan,nan,0,nan,nan,nan
879,25.9,19.657568516986018,0,-10,1.414213562373095,0,0,nan,nan,nan,0,nan,nan,nan
880,26.0,19.798989873223327,0,-10,1.414213562373095,0,0,nan,nan,nan,0,nan,nan,nan
881,26.1,19.940411229460636,0,-10,1.414213562373095,0,0,nan,nan,nan,0,nan,nan,nan
882,26.200000000000003,20.081832585697946,0,-10,1.414213562373095,0,0,nan,nan,nan,0,nan,nan,nan
883,26.3,20.22325394193526,0,-10,1.414213562373095,0,0,nan,nan,nan,0,nan,nan,nan
884,26.4,20.364675298172564,0,-10,1.414213562373095,0,0,nan,nan,nan,0,nan,nan,nan
885,26.5,20.506096654409877,0,-10,1.414213562373095,0,0,nan,nan,nan,0,nan,nan,nan
886,26.6,20.647518010647186,0,-10,1.414213562373095,0,0,nan,nan,nan,0,nan,nan,nan
887,26.700000000000003,20.788939366884495,0,-10,1.414213562373095,0,0,nan,nan,nan,0,nan,nan,nan
888,26.8,20.930360723121805,0,-10,1.414213562373095,0,0,nan,nan,nan,0,nan,nan,nan
889,26.9,21.071782079359114,0,-10,1.414213562373095,0,0,nan,nan,nan,0,nan,nan,nan
890,27.0,21.213203435596423,0.0,-10,0,1.414213562373095,0,nan,nan,nan,0,nan,nan,nan
891,27.1,21.213203435596423,0.1414213562373095,-10,0,1.414213562373095,0,nan,nan,nan,0,nan,nan,nan
892,27.200000000000003,21.213203435596423,0.282842712474619,-10,0,1.414213562373095,0,nan,nan,nan,0,nan,nan,nan
893,27.3,21.213203435596423,0.42426406871192845,-10,0,1.414213562373095,0,nan,nan,nan,0,nan,nan,nan
894,27.4,21.213203435596423,0.565685424949238,-10,0,1.414213562373095,0,nan,nan,nan,0,nan,nan,nan
895,27.5,21.213203435596423,0.7071067811865475,-10,0,1.414213562373095,0,nan,nan,nan,0,nan,nan,nan
896,27.6,21.213203435596423,0.8485281374238569,-10,0,1.414213562373095,0,nan,nan,nan,0,nan,nan,nan
897,27.700000000000003,21.213203435596423,0.9899494936611665,-10,0,1.414213562373095,0,nan,nan,nan,0,nan,nan,nan
898,27.8,21.213203435596423,1.131370849898476,-10,0,1.414213562373095,0,nan,nan,nan,0,nan,nan,nan
899,27.9,21.213203435596423,1.2727922061357853,-10,0,1.414213562373095,0,nan,nan,nan,0,nan,nan,nan
900,28.0,21.213203435596423,1.414213562373095,-10,0,1.414213562373095,0,nan,nan,nan,0,nan,nan,nan
901,28.1,21.213203435596423,1.5556349186104044,-10,0,1.414213562373095,0,nan,nan,nan,0,nan,nan,nan
902,28.2,21.213203435596423,1.6970562748477138,-10,0,1.414213562373095,0,nan,nan,nan,0,nan,nan,nan
903,28.3,21.213203435596423,1.8384776310850235,-10,0,1.414213562373095,0,nan,nan,nan,0,nan,nan,nan
904,28.400000000000002,21.213203435596423,1.979898987322333,-10,0,1.414213562373095,0,nan,nan,nan,0,nan,nan,nan
905,28.5,21.213203435596423,2.1213203435596424,-10,0,1.414213562373095,0,nan,nan,nan,0,nan,nan,nan
906,28.6,21.213203435596423,2.262741699796952,-10,0,1.414213562373095,0,nan,nan,nan,0,nan,nan,nan
907,28.7,21.213203435596423,2.4041630560342613,-10,0,1.414213562373095,0,nan,nan,nan,0,nan,nan,nan
908,28.8,21.213203435596423,2.5455844122715705,-10,0,1.414213562373095,0,nan,nan,nan,0,nan,nan,nan
909,28.900000000000002,21.213203435596423,2.6870057685088806,-10,0,1.414213562373095,0,nan,nan,nan,0,nan,nan,nan
910,29.0,21.213203435596423,2.82842712474619,-10,0,1.414213562373095,0,nan,nan,nan,0,nan,nan,nan
911,29.1,21.213203435596423,2.9698484809834995,-10,0,1.414213562373095,0,nan,nan,nan,0,nan,nan,nan
912,29.2,21.213203435596423,3.1112698372208087,-10,0,1.414213562373095,0,nan,nan,nan,0,nan,nan,nan
913,29.3,21.213203435596423,3.252691193458118,-10,0,1.414213562373095,0,nan,nan,nan,0,nan,nan,nan
914,29.400000000000002,21.213203435596423,3.3941125496954276,-10,0,1.414213562373095,0,nan,nan,nan,0,nan,nan,nan
915,29.5,21.213203435596423,3.535533905932737,-10,0,1.414213562373095,0,nan,nan,nan,0,nan,nan,nan
916,29.6,21.213203435596423,3.676955262170047,-10,0,1.414213562373095,0,nan,nan,nan,0,nan,nan,nan
917,29.7,21.213203435596423,3.818376618407356,-10,0,1.414213562373095,0,nan,nan,nan,0,nan,nan,nan
918,29.8,21.213203435596423,3.959797974644666,-10,0,1.414213562373095,0,nan,nan,nan,0,nan,nan,nan
919,29.900000000000002,21.213203435596423,4.101219330881975,-10,0,1.414213562373095,0,nan,nan,nan,0,nan,nan,nan
920,30.0,21.213203435596423,4.242640687119285,-10,0,1.414213562373095,0,nan,nan,nan,0,nan,nan,nan
921,30.1,21.213203435596423,4.384062043356594,-10,0,1.414213562373095,0,nan,nan,nan,0,nan,nan,nan
922,30.2,21.213203435596423,4.525483399593904,-10,0,1.414213562373095,0,nan,nan,nan,0,nan,nan,nan
923,30.3,21.213203435596423,4.666904755831213,-10,0,1.414213562373095,0,nan,nan,nan,0,nan,nan,nan
924,30.400000000000002,21.213203435596423,4.808326112068523,-10,0,1.414213562373095,0,nan,nan,nan,0,nan,nan,nan
925,30.5,21.213203435596423,4.949747468305832,-10,0,1.414213562373095,0,nan,nan,nan,0,nan,nan,nan
926,30.6,21.213203435596423,5.091168824543141,-10,0,1.414213562373095,0,nan,nan,nan,0,nan,nan,nan
927,30.7,21.213203435596423,5.232590180780451,-10,0,1.414213562373095,0,nan,nan,nan,0,nan,nan,nan
928,30.8,21.213203435596423,5.374011537017761,-10,0,1.414213562373095,0,nan,nan,nan,0,nan,nan,nan
929,30.900000000000002,21.213203435596423,5.5154328932550705,-10,0,1.414213562373095,0,nan,nan,nan,0,nan,nan,nan
930,31.0,21.213203435596423,5.65685424949238,-10,0,1.414213562373095,0,nan,nan,nan,0,nan,nan,nan
931,31.1,21.213203435596423,5.798275605729689,-10,0,1.414213562373095,0,nan,nan,nan,0,nan,nan,nan
932,31.200000000000003,21.213203435596423,5.939696961966999,-10,0,1.414213562373095,0,nan,nan,nan,0,nan,nan,nan
933,31.3,21.213203435596423,6.081118318204308,-10,0,1.414213562373095,0,nan,nan,nan,0,nan,nan,nan
934,31.400000000000002,21.213203435596423,6.2225396744416175,-10,0,1.414213562373095,0,nan,nan,nan,0,nan,nan,nan
935,31.5,21.213203435596423,6.363961030678927,-10,0,1.414213562373095,0,nan,nan,nan,0,nan,nan,nan
936,31.6,21.213203435596423,6.505382386916236,-10,0,1.414213562373095,0,nan,nan,nan,0,nan,nan,nan
937,31.700000000000003,21.213203435596423,6.646803743153546,-10,0,1.414213562373095,0,nan,nan,nan,0,nan,nan,nan
938,31.8,21.213203435596423,6.788225099390855,-10,0,1.414213562373095,0,nan,nan,nan,0,nan,nan,nan
939,31.900000000000002,21.213203435596423,6.9296464556281645,-10,0,1.414213562373095,0,nan,nan,nan,0,nan,nan,nan
940,32.0,21.213203435596423,7.071067811865474,-10,0,1.414213562373095,0,nan,nan,nan,0,nan,nan,nan
941,32.1,21.213203435596423,7.212489168102785,-10,0,1.414213562373095,0,nan,nan,nan,0,nan,nan,nan
942,32.2,21.213203435596423,7.353910524340094,-10,0,1.414213562373095,0,nan,nan,nan,0,nan,nan,nan
943,32.3,21.213203435596423,7.495331880577403,-10,0,1.414213562373095,0,nan,nan,nan,0,nan,nan,nan
944,32.400000000000006,21.213203435596423,7.636753236814712,-10,0,1.414213562373095,0,nan,nan,nan,0,nan,nan,nan
945,32.5,21.213203435596423,7.778174593052022,-10,0,1.414213562373095,0,nan,nan,nan,0,nan,nan,nan
946,32.6,21.213203435596423,7.919595949289332,-10,0,1.414213562373095,0,nan,nan,nan,0,nan,nan,nan
947,32.7,21.213203435596423,8.06101730552664,-10,0,1.414213562373095,0,nan,nan,nan,0,nan,nan,nan
948,32.8,21.213203435596423,8.20243866176395,-10,0,1.414213562373095,0,nan,nan,nan,0,nan,nan,nan
949,32.900000000000006,21.213203435596423,8.343860018001259,-10,0,1.414213562373095,0,nan,nan,nan,0,nan,nan,nan
950,33.0,21.213203435596423,8.48528137423857,-10,0,1.414213562373095,0,nan,nan,nan,0,nan,nan,nan
951,33.1,21.213203435596423,8.626702730475879,-10,0,1.414213562373095,0,nan,nan,nan,0,nan,nan,nan
952,33.2,21.213203435596423,8.768124086713188,-10,0,1.414213562373095,0,nan,nan,nan,0,nan,nan,nan
953,33.3,21.213203435596423,8.909545442950497,-10,0,1.414213562373095,0,nan,nan,nan,0,nan,nan,nan
954,33.400000000000006,21.213203435596423,9.050966799187808,-10,0,1.414213562373095,0,nan,nan,nan,0,nan,nan,nan
955,33.5,21.213203435596423,9.192388155425117,-10,0,1.414213562373095,0,nan,nan,nan,0,nan,nan,nan
956,33.6,21.213203435596423,9.333809511662427,-10,0,1.414213562373095,0,nan,nan,nan,0,nan,nan,nan
957,33.7,21.213203435596423,9.475230867899736,-10,0,1.414213562373095,0,nan,nan,nan,0,nan,nan,nan
958,33.8,21.213203435596423,9.616652224137045,-10,0,1.414213562373095,0,nan,nan,nan,0,nan,nan,nan
959,33.900000000000006,21.213203435596423,9.758073580374354,-10,0,1.414213562373095,0,nan,nan,nan,0,nan,nan,nan
960,34.0,21.213203435596423,9.899494936611664,-10,0,1.414213562373095,0,nan,nan,nan,0,nan,nan,nan
961,34.1,21.213203435596423,10.040916292848973,-10,0,1.414213562373095,0,nan,nan,nan,0,nan,nan,nan
962,34.2,21.213203435596423,10.182337649086282,-10,0,1.414213562373095,0,nan,nan,nan,0,nan,nan,nan
963,34.3,21.213203435596423,10.323759005323593,-10,0,1.414213562373095,0,nan,nan,nan,0,nan,nan,nan
964,34.400000000000006,21.213203435596423,10.465180361560902,-10,0,1.414213562373095,0,nan,nan,nan,0,nan,nan,nan
965,34.5,21.213203435596423,10.606601717798211,-10,0,1.414213562373095,0,nan,nan,nan,0,nan,nan,nan
966,34.6,21.213203435596423,10.748023074035522,-10,0,1.414213562373095,0,nan,nan,nan,0,nan,nan,nan
967,34.7,21.213203435596423,10.88944443027283,-10,0,1.414213562373095,0,nan,nan,nan,0,nan,nan,nan
968,34.8,21.213203435596423,11.030865786510141,-10,0,1.414213562373095,0,nan,nan,nan,0,nan,nan,nan
969,34.900000000000006,21.213203435596423,11.172287142747448,-10,0,1.414213562373095,0,nan,nan,nan,0,nan,nan,nan
970,35.0,21.213203435596423,11.31370849898476,-10,0,1.414213562373095,0,nan,nan,nan,0,nan,nan,nan
971,35.1,21.213203435596423,11.455129855222069,-10,0,1.414213562373095,0,nan,nan,nan,0,nan,nan,nan
972,35.2,21.213203435596423,11.596551211459378,-10,0,1.414213562373095,0,nan,nan,nan,0,nan,nan,nan
973,35.3,21.213203435596423,11.737972567696687,-10,0,1.414213562373095,0,nan,nan,nan,0,nan,nan,nan
974,35.400000000000006,21.213203435596423,11.879393923933998,-10,0,1.414213562373095,0,nan,nan,nan,0,nan,nan,nan
975,35.5,21.213203435596423,12.020815280171306,-10,0,1.414213562373095,0,nan,nan,nan,0,nan,nan,nan
976,35.6,21.213203435596423,12.162236636408617,-10,0,1.414213562373095,0,nan,nan,nan,0,nan,nan,nan
977,35.7,21.213203435596423,12.303657992645924,-10,0,1.414213562373095,0,nan,nan,nan,0,nan,nan,nan
978,35.8,21.213203435596423,12.445079348883235,-10,0,1.414213562373095,0,nan,nan,nan,0,nan,nan,nan
979,35.900000000000006,21.213203435596423,12.586500705120546,-10,0,1.414213562373095,0,nan,nan,nan,0,nan,nan,nan
980,36.0,21.213203435596423,12.727922061357853,-10,0,1.414213562373095,0,nan,nan,nan,0,nan,nan,nan
981,36.1,21.213203435596423,12.869343417595164,-10,0,1.414213562373095,0,nan,nan,nan,0,nan,nan,nan
982,36.2,21.213203435596423,13.010764773832472,-10,0,1.414213562373095,0,nan,nan,nan,0,nan,nan,nan
983,36.3,21.213203435596423,13.152186130069783,-10,0,1.414213562373095,0,nan,nan,nan,0,nan,nan,nan
984,36.400000000000006,21.213203435596423,13.293607486307092,-10,0,1.414213562373095,0,nan,nan,nan,0,nan,nan,nan
985,36.5,21.213203435596423,13.435028842544401,-10,0,1.414213562373095,0,nan,nan,nan,0,nan,nan,nan
986,36.6,21.213203435596423,13.57645019878171,-10,0,1.414213562373095,0,nan,nan,nan,0,nan,nan,nan
987,36.7,21.213203435596423,13.71787155501902,-10,0,1.414213562373095,0,nan,nan,nan,0,nan,nan,nan
988,36.8,21.213203435596423,13.859292911256329,-10,0,1.414213562373095,0,nan,nan,nan,0,nan,nan,nan
989,36.900000000000006,21.213203435596423,14.00071426749364,-10,0,1.414213562373095,0,nan,nan,nan,0,nan,nan,nan
990,37.0,21.213203435596423,14.142135623730947,-10,0,1.414213562373095,0,nan,nan,nan,0,nan,nan,nan
991,37.1,21.213203435596423,14.283556979968258,-10,0,1.414213562373095,0,nan,nan,nan,0,nan,nan,nan
992,37.2,21.213203435596423,14.42497833620557,-10,0,1.414213562373095,0,nan,nan,nan,0,nan,nan,nan
993,37.3,21.213203435596423,14.566399692442877,-10,0,1.414213562373095,0,nan,nan,nan,0,nan,nan,nan
994,37.400000000000006,21.213203435596423,14.707821048680188,-10,0,1.414213562373095,0,nan,nan,nan,0,nan,nan,nan
995,37.5,21.213203435596423,14.849242404917495,-10,0,1.414213562373095,0,nan,nan,nan,0,nan,nan,nan
996,37.6,21.213203435596423,14.990663761154806,-10,0,1.414213562373095,0,nan,nan,nan,0,nan,nan,nan
997,37.7,21.213203435596423,15.132085117392116,-10,0,1.414213562373095,0,nan,nan,nan,0,nan,nan,nan
998,37.8,21.213203435596423,15.273506473629425,-10,0,1.414213562373095,0,nan,nan,nan,0,nan,nan,nan
999,37.900000000000006,21.213203435596423,15.414927829866734,-10,0,1.414213562373095,0,nan,nan,nan,0,nan,nan,nan
1000,38.0,21.213203435596423,15.556349186104043,-10,0,1.414213562373095,0,nan,nan,nan,0,nan,nan,nan
1001,38.1,21.213203435596423,15.697770542341352,-10,0,1.414213562373095,0,nan,nan,nan,0,nan,nan,nan
1002,38.2,21.213203435596423,15.839191898578663,-10,0,1.414213562373095,0,nan,nan,nan,0,nan,nan,nan
1003,38.3,21.213203435596423,15.980613254815971,-10,0,1.414213562373095,0,nan,nan,nan,0,nan,nan,nan
1004,38.400000000000006,21.213203435596423,16.12203461105328,-10,0,1.414213562373095,0,nan,nan,nan,0,nan,nan,nan
1005,38.5,21.213203435596423,16.263455967290593,-10,0,1.414213562373095,0,nan,nan,nan,0,nan,nan,nan
1006,38.6,21.213203435596423,16.4048773235279,-10,0,1.414213562373095,0,nan,nan,nan,0,nan,nan,nan
1007,38.7,21.213203435596423,16.54629867976521,-10,0,1.414213562373095,0,nan,nan,nan,0,nan,nan,nan
1008,38.8,21.213203435596423,16.687720036002517,-10,0,1.414213562373095,0,nan,nan,nan,0,nan,nan,nan
1009,38.900000000000006,21.213203435596423,16.82914139223983,-10,0,1.414213562373095,0,nan,nan,nan,0,nan,nan,nan
1010,39.0,21.213203435596423,16.97056274847714,-10,0,1.414213562373095,0,nan,nan,nan,0,nan,nan,nan
1011,39.1,21.213203435596423,17.11198410471445,-10,0,1.414213562373095,0,nan,nan,nan,0,nan,nan,nan
1012,39.2,21.213203435596423,17.253405460951758,-10,0,1.414213562373095,0,nan,nan,nan,0,nan,nan,nan
1013,39.3,21.213203435596423,17.394826817189067,-10,0,1.414213562373095,0,nan,nan,nan,0,nan,nan,nan
1014,39.400000000000006,21.213203435596423,17.536248173426376,-10,0,1.414213562373095,0,nan,nan,nan,0,nan,nan,nan
1015,39.5,21.213203435596423,17.677669529663685,-10,0,1.414213562373095,0,nan,nan,nan,0,nan,nan,nan
1016,39.6,21.213203435596423,17.819090885900994,-10,0,1.414213562373095,0,nan,nan,nan,0,nan,nan,nan
1017,39.7,21.213203435596423,17.960512242138304,-10,0,1.414213562373095,0,nan,nan,nan,0,nan,nan,nan
1018,39.8,21.213203435596423,18.101933598375616,-10,0,1.414213562373095,0,nan,nan,nan,0,nan,nan,nan
1019,39.900000000000006,21.213203435596423,18.243354954612922,-10,0,1.414213562373095,0,nan,nan,nan,0,nan,nan,nan
1020,40.0,21.213203435596423,18.384776310850235,-10,0,1.414213562373095,0,nan,nan,nan,0,nan,nan,nan
1021,40.1,21.213203435596423,18.52619766708754,-10,0,1.414213562373095,0,nan,nan,nan,0,nan,nan,nan
1022,40.2,21.213203435596423,18.667619023324853,-10,0,1.414213562373095,0,nan,nan,nan,0,nan,nan,nan
1023,40.3,21.213203435596423,18.809040379562163,-10,0,1.414213562373095,0,nan,nan,nan,0,nan,nan,nan
1024,40.400000000000006,21.213203435596423,18.950461735799472,-10,0,1.414213562373095,0,nan,nan,nan,0,nan,nan,nan
1025,40.5,21.213203435596423,19.09188309203678,-10,0,1.414213562373095,0,nan,nan,nan,0,nan,nan,nan
1026,40.6,21.213203435596423,19.23330444827409,-10,0,1.414213562373095,0,nan,nan,nan,0,nan,nan,nan
1027,40.7,21.213203435596423,19.3747258045114,-10,0,1.414213562373095,0,nan,nan,nan,0,nan,nan,nan
1028,40.8,21.213203435596423,19.51614716074871,-10,0,1.414213562373095,0,nan,nan,nan,0,nan,nan,nan
1029,40.900000000000006,21.213203435596423,19.657568516986018,-10,0,1.414213562373095,0,nan,nan,nan,0,nan,nan,nan
1030,41.0,21.213203435596423,19.798989873223327,-10,0,1.414213562373095,0,nan,nan,nan,0,nan,nan,nan
1031,41.1,21.213203435596423,19.940411229460636,-10,0,1.414213562373095,0,nan,nan,nan,0,nan,nan,nan
1032,41.2,21.213203435596423,20.081832585697946,-10,0,1.414213562373095,0,nan,nan,nan,0,nan,nan,nan
1033,41.3,21.213203435596423,20.22325394193526,-10,0,1.414213562373095,0,nan,nan,nan,0,nan,nan,nan
1034,41.400000000000006,21.213203435596423,20.364675298172564,-10,0,1.414213562373095,0,nan,nan,nan,0,nan,nan,nan
1035,41.5,21.213203435596423,20.506096654409877,-10,0,1.414213562373095,0,nan,nan,nan,0,nan,nan,nan
1036,41.6,21.213203435596423,20.647518010647186,-10,0,1.414213562373095,0,nan,nan,nan,0,nan,nan,nan
1037,41.7,21.213203435596423,20.788939366884495,-10,0,1.414213562373095,0,nan,nan,nan,0,nan,nan,nan
1038,41.8,21.213203435596423,20.930360723121805,-10,0,1.414213562373095,0,nan,nan,nan,0,nan,nan,nan
1039,41.900000000000006,21.213203435596423,21.071782079359114,-10,0,1.414213562373095,0,nan,nan,nan,0,nan,nan,nan
1040,42.0,21.213203435596423,21.213203435596423,-10,1.414213562373095,0,0,nan,nan,nan,0,nan,nan,nan
1041,42.1,21.071782079359114,21.213203435596423,-10,1.414213562373095,0,0,nan,nan,nan,0,nan,nan,nan
1042,42.2,20.930360723121805,21.213203435596423,-10,1.414213562373095,0,0,nan,nan,nan,0,nan,nan,nan
1043,42.3,20.788939366884495,21.213203435596423,-10,1.414213562373095,0,0,nan,nan,nan,0,nan,nan,nan
1044,42.400000000000006,20.647518010647186,21.213203435596423,-10,1.414213562373095,0,0,nan,nan,nan,0,nan,nan,nan
1045,42.5,20.506096654409877,21.213203435596423,-10,1.414213562373095,0,0,nan,nan,nan,0,nan,nan,nan
1046,42.6,20.364675298172564,21.213203435596423,-10,1.414213562373095,0,0,nan,nan,nan,0,nan,nan,nan
1047,42.7,20.22325394193526,21.213203435596423,-10,1.414213562373095,0,0,nan,nan,nan,0,nan,nan,nan
1048,42.8,20.081832585697946,21.213203435596423,-10,1.414213562373095,0,0,nan,nan,nan,0,nan,nan,nan
1049,42.900000000000006,19.940411229460636,21.213203435596423,-10,1.414213562373095,0,0,nan,nan,nan,0,nan,nan,nan
1050,43.0,19.798989873223327,21.213203435596423,-10,1.414213562373095,0,0,nan,nan,nan,0,nan,nan,nan
1051,43.1,19.657568516986018,21.213203435596423,-10,1.414213562373095,0,0,nan,nan,nan,0,nan,nan,nan
1052,43.2,19.51614716074871,21.213203435596423,-10,1.414213562373095,0,0,nan,nan,nan,0,nan,nan,nan
1053,43.3,19.3747258045114,21.213203435596423,-10,1.414213562373095,0,0,nan,nan,nan,0,nan,nan,nan
1054,43.400000000000006,19.23330444827409,21.213203435596423,-10,1.414213562373095,0,0,nan,nan,nan,0,nan,nan,nan
1055,43.5,19.09188309203678,21.213203435596423,-10,1.414213562373095,0,0,nan,nan,nan,0,nan,nan,nan
1056,43.6,18.950461735799472,21.213203435596423,-10,1.414213562373095,0,0,nan,nan,nan,0,nan,nan,nan
1057,43.7,18.809040379562163,21.213203435596423,-10,1.414213562373095,0,0,nan,nan,nan,0,nan,nan,nan
1058,43.8,18.667619023324853,21.213203435596423,-10,1.414213562373095,0,0,nan,nan,nan,0,nan,nan,nan
1059,43.900000000000006,18.52619766708754,21.213203435596423,-10,1.414213562373095,0,0,nan,nan,nan,0,nan,nan,nan
1060,44.0,18.384776310850235,21.213203435596423,-10,1.414213562373095,0,0,nan,nan,nan,0,nan,nan,nan
1061,44.1,18.243354954612922,21.213203435596423,-10,1.414213562373095,0,0,nan,nan,nan,0,nan,nan,nan
1062,44.2,18.101933598375613,21.213203435596423,-10,1.414213562373095,0,0,nan,nan,nan,0,nan,nan,nan
1063,44.300000000000004,17.960512242138304,21.213203435596423,-10,1.414213562373095,0,0,nan,nan,nan,0,nan,nan,nan
1064,44.4,17.819090885900994,21.213203435596423,-10,1.414213562373095,0,0,nan,nan,nan,0,nan,nan,nan
1065,44.5,17.677669529663685,21.213203435596423,-10,1.414213562373095,0,0,nan,nan,nan,0,nan,nan,nan
1066,44.6,17.536248173426376,21.213203435596423,-10,1.414213562373095,0,0,nan,nan,nan,0,nan,nan,nan
1067,44.7,17.394826817189067,21.213203435596423,-10,1.414213562373095,0,0,nan,nan,nan,0,nan,nan,nan
1068,44.800000000000004,17.253405460951758,21.213203435596423,-10,1.414213562373095,0,0,nan,nan,nan,0,nan,nan,nan
1069,44.9,17.11198410471445,21.213203435596423,-10,1.414213562373095,0,0,nan,nan,nan,0,nan,nan,nan
1070,45.0,16.97056274847714,21.213203435596423,-10,1.414213562373095,0,0,nan,nan,nan,0,nan,nan,nan
1071,45.1,16.82914139223983,21.213203435596423,-10,1.414213562373095,0,0,nan,nan,nan,0,nan,nan,nan
1072,45.2,16.687720036002517,21.213203435596423,-10,1.414213562373095,0,0,nan,nan,nan,0,nan,nan,nan
1073,45.300000000000004,16.54629867976521,21.213203435596423,-10,1.414213562373095,0,0,nan,nan,nan,0,nan,nan,nan
1074,45.4,16.4048773235279,21.213203435596423,-10,1.414213562373095,0,0,nan,nan,nan,0,nan,nan,nan
1075,45.5,16.26345596729059,21.213203435596423,-10,1.414213562373095,0,0,nan,nan,nan,0,nan,nan,nan
1076,45.6,16.12203461105328,21.213203435596423,-10,1.414213562373095,0,0,nan,nan,nan,0,nan,nan,nan
1077,45.7,15.980613254815971,21.213203435596423,-10,1.414213562373095,0,0,nan,nan,nan,0,nan,nan,nan
1078,45.800000000000004,15.839191898578662,21.213203435596423,-10,1.414213562373095,0,0,nan,nan,nan,0,nan,nan,nan
1079,45.9,15.697770542341352,21.213203435596423,-10,1.414213562373095,0,0,nan,nan,nan,0,nan,nan,nan
1080,46.0,15.556349186104045,21.213203435596423,-10,1.414213562373095,0,0,nan,nan,nan,0,nan,nan,nan
1081,46.1,15.414927829866734,21.213203435596423,-10,1.414213562373095,0,0,nan,nan,nan,0,nan,nan,nan
1082,46.2,15.273506473629425,21.213203435596423,-10,1.414213562373095,0,0,nan,nan,nan,0,nan,nan,nan
1083,46.300000000000004,15.132085117392116,21.213203435596423,-10,1.414213562373095,0,0,nan,nan,nan,0,nan,nan,nan
1084,46.4,14.990663761154806,21.213203435596423,-10,1.414213562373095,0,0,nan,nan,nan,0,nan,nan,nan
1085,46.5,14.849242404917495,21.213203435596423,-10,1.414213562373095,0,0,nan,nan,nan,0,nan,nan,nan
1086,46.6,14.707821048680188,21.213203435596423,-10,1.414213562373095,0,0,nan,nan,nan,0,nan,nan,nan
1087,46.7,14.566399692442877,21.213203435596423,-10,1.414213562373095,0,0,nan,nan,nan,0,nan,nan,nan
1088,46.800000000000004,14.424978336205566,21.213203435596423,-10,1.414213562373095,0,0,nan,nan,nan,0,nan,nan,nan
1089,46.9,14.283556979968258,21.213203435596423,-10,1.414213562373095,0,0,nan,nan,nan,0,nan,nan,nan
1090,47.0,14.142135623730951,21.213203435596423,-10,1.414213562373095,0,0,nan,nan,nan,0,nan,nan,nan
1091,47.1,14.000714267493638,21.213203435596423,-10,1.414213562373095,0,0,nan,nan,nan,0,nan,nan,nan
1092,47.2,13.859292911256329,21.213203435596423,-10,1.414213562373095,0,0,nan,nan,nan,0,nan,nan,nan
1093,47.300000000000004,13.717871555019022,21.213203435596423,-10,1.414213562373095,0,0,nan,nan,nan,0,nan,nan,nan
1094,47.4,13.57645019878171,21.213203435596423,-10,1.414213562373095,0,0,nan,nan,nan,0,nan,nan,nan
1095,47.5,13.435028842544401,21.213203435596423,-10,1.414213562373095,0,0,nan,nan,nan,0,nan,nan,nan
1096,47.6,13.293607486307092,21.213203435596423,-10,1.414213562373095,0,0,nan,nan,nan,0,nan,nan,nan
1097,47.7,13.152186130069783,21.213203435596423,-10,1.414213562373095,0,0,nan,nan,nan,0,nan,nan,nan
1098,47.800000000000004,13.010764773832472,21.213203435596423,-10,1.414213562373095,0,0,nan,nan,nan,0,nan,nan,nan
1099,47.9,12.869343417595164,21.213203435596423,-10,1.414213562373095,0,0,nan,nan,nan,0,nan,nan,nan
1100,48.0,12.727922061357853,21.213203435596423,-10,1.414213562373095,0,0,nan,nan,nan,0,nan,nan,nan
1101,48.1,12.586500705120542,21.213203435596423,-10,1.414213562373095,0,0,nan,nan,nan,0,nan,nan,nan
1102,48.2,12.445079348883235,21.213203435596423,-10,1.414213562373095,0,0,nan,nan,nan,0,nan,nan,nan
1103,48.300000000000004,12.303657992645928,21.213203435596423,-10,1.414213562373095,0,0,nan,nan,nan,0,nan,nan,nan
1104,48.4,12.162236636408615,21.213203435596423,-10,1.414213562373095,0,0,nan,nan,nan,0,nan,nan,nan
1105,48.5,12.020815280171306,21.213203435596423,-10,1.414213562373095,0,0,nan,nan,nan,0,nan,nan,nan
1106,48.6,11.879393923933998,21.213203435596423,-10,1.414213562373095,0,0,nan,nan,nan,0,nan,nan,nan
1107,48.7,11.737972567696687,21.213203435596423,-10,1.414213562373095,0,0,nan,nan,nan,0,nan,nan,nan
1108,48.800000000000004,11.596551211459378,21.213203435596423,-10,1.414213562373095,0,0,nan,nan,nan,0,nan,nan,nan
1109,48.9,11.455129855222069,21.213203435596423,-10,1.414213562373095,0,0,nan,nan,nan,0,nan,nan,nan
1110,49.0,11.31370849898476,21.213203435596423,-10,1.414213562373095,0,0,nan,nan,nan,0,nan,nan,nan
1111,49.1,11.172287142747448,21.213203435596423,-10,1.414213562373095,0,0,nan,nan,nan,0,nan,nan,nan
1112,49.2,11.030865786510141,21.213203435596423,-10,1.414213562373095,0,0,nan,nan,nan,0,nan,nan,nan
1113,49.300000000000004,10.88944443027283,21.213203435596423,-10,1.414213562373095,0,0,nan,nan,nan,0,nan,nan,nan
1114,49.4,10.748023074035519,21.213203435596423,-10,1.414213562373095,0,0,nan,nan,nan,0,nan,nan,nan
1115,49.5,10.606601717798211,21.213203435596423,-10,1.414213562373095,0,0,nan,nan,nan,0,nan,nan,nan
1116,49.6,10.4651803615609,21.213203435596423,-10,1.414213562373095,0,0,nan,nan,nan,0,nan,nan,nan
1117,49.7,10.323759005323593,21.213203435596423,-10,1.414213562373095,0,0,nan,nan,nan,0,nan,nan,nan
1118,49.800000000000004,10.182337649086282,21.213203435596423,-10,1.414213562373095,0,0,nan,nan,nan,0,nan,nan,nan
1119,49.9,10.040916292848975,21.213203435596423,-10,1.414213562373095,0,0,nan,nan,nan,0,nan,nan,nan
1120,50.0,9.899494936611664,21.213203435596423,-10,1.414213562373095,0,0,nan,nan,nan,0,nan,nan,nan
1121,50.1,9.758073580374354,21.213203435596423,-10,1.414213562373095,0,0,nan,nan,nan,0,nan,nan,nan
1122,50.2,9.616652224137045,21.213203435596423,-10,1.414213562373095,0,0,nan,nan,nan,0,nan,nan,nan
1123,50.300000000000004,9.475230867899736,21.213203435596423,-10,1.414213562373095,0,0,nan,nan,nan,0,nan,nan,nan
1124,50.400000000000006,9.333809511662425,21.213203435596423,-10,1.414213562373095,0,0,nan,nan,nan,0,nan,nan,nan
1125,50.5,9.192388155425117,21.213203435596423,-10,1.414213562373095,0,0,nan,nan,nan,0,nan,nan,nan
1126,50.6,9.050966799187806,21.213203435596423,-10,1.414213562373095,0,0,nan,nan,nan,0,nan,nan,nan
1127,50.7,8.909545442950499,21.213203435596423,-10,1.414213562373095,0,0,nan,nan,nan,0,nan,nan,nan
1128,50.800000000000004,8.768124086713188,21.213203435596423,-10,1.414213562373095,0,0,nan,nan,nan,0,nan,nan,nan
1129,50.900000000000006,8.626702730475877,21.213203435596423,-10,1.414213562373095,0,0,nan,nan,nan,0,nan,nan,nan
1130,51.0,8.48528137423857,21.213203435596423,-10,1.414213562373095,0,0,nan,nan,nan,0,nan,nan,nan
1131,51.1,8.343860018001259,21.213203435596423,-10,1.414213562373095,0,0,nan,nan,nan,0,nan,nan,nan
1132,51.2,8.202438661763951,21.213203435596423,-10,1.414213562373095,0,0,nan,nan,nan,0,nan,nan,nan
1133,51.300000000000004,8.06101730552664,21.213203435596423,-10,1.414213562373095,0,0,nan,nan,nan,0,nan,nan,nan
1134,51.400000000000006,7.919595949289331,21.213203435596423,-10,1.414213562373095,0,0,nan,nan,nan,0,nan,nan,nan
1135,51.5,7.7781745930520225,21.213203435596423,-10,1.414213562373095,0,0,nan,nan,nan,0,nan,nan,nan
1136,51.6,7.636753236814712,21.213203435596423,-10,1.414213562373095,0,0,nan,nan,nan,0,nan,nan,nan
1137,51.7,7.495331880577404,21.213203435596423,-10,1.414213562373095,0,0,nan,nan,nan,0,nan,nan,nan
1138,51.800000000000004,7.353910524340094,21.213203435596423,-10,1.414213562373095,0,0,nan,nan,nan,0,nan,nan,nan
1139,51.900000000000006,7.212489168102783,21.213203435596423,-10,1.414213562373095,0,0,nan,nan,nan,0,nan,nan,nan
1140,52.0,7.0710678118654755,21.213203435596423,-10,1.414213562373095,0,0,nan,nan,nan,0,nan,nan,nan
1141,52.1,6.9296464556281645,21.213203435596423,-10,1.414213562373095,0,0,nan,nan,nan,0,nan,nan,nan
1142,52.2,6.788225099390854,21.213203435596423,-10,1.414213562373095,0,0,nan,nan,nan,0,nan,nan,nan
1143,52.300000000000004,6.646803743153546,21.213203435596423,-10,1.414213562373095,0,0,nan,nan,nan,0,nan,nan,nan
1144,52.400000000000006,6.505382386916236,21.213203435596423,-10,1.414213562373095,0,0,nan,nan,nan,0,nan,nan,nan
1145,52.5,6.363961030678928,21.213203435596423,-10,1.414213562373095,0,0,nan,nan,nan,0,nan,nan,nan
1146,52.6,6.2225396744416175,21.213203435596423,-10,1.414213562373095,0,0,nan,nan,nan,0,nan,nan,nan
1147,52.7,6.081118318204307,21.213203435596423,-10,1.414213562373095,0,0,nan,nan,nan,0,nan,nan,nan
1148,52.800000000000004,5.939696961966999,21.213203435596423,-10,1.414213562373095,0,0,nan,nan,nan,0,nan,nan,nan
1149,52.900000000000006,5.798275605729689,21.213203435596423,-10,1.414213562373095,0,0,nan,nan,nan,0,nan,nan,nan
1150,53.0,5.656854249492381,21.213203435596423,-10,1.414213562373095,0,0,nan,nan,nan,0,nan,nan,nan
1151,53.1,5.5154328932550705,21.213203435596423,-10,1.414213562373095,0,0,nan,nan,nan,0,nan,nan,nan
1152,53.2,5.3740115370177595,21.213203435596423,-10,1.414213562373095,0,0,nan,nan,nan,0,nan,nan,nan
1153,53.300000000000004,5.232590180780452,21.213203435596423,-10,1.414213562373095,0,0,nan,nan,nan,0,nan,nan,nan
1154,53.400000000000006,5.091168824543141,21.213203435596423,-10,1.414213562373095,0,0,nan,nan,nan,0,nan,nan,nan
1155,53.5,4.949747468305831,21.213203435596423,-10,1.414213562373095,0,0,nan,nan,nan,0,nan,nan,nan
1156,53.6,4.808326112068523,21.213203435596423,-10,1.414213562373095,0,0,nan,nan,nan,0,nan,nan,nan
1157,53.7,4.6669047558312124,21.213203435596423,-10,1.414213562373095,0,0,nan,nan,nan,0,nan,nan,nan
1158,53.800000000000004,4.525483399593904,21.213203435596423,-10,1.414213562373095,0,0,nan,nan,nan,0,nan,nan,nan
1159,53.900000000000006,4.384062043356594,21.213203435596423,-10,1.414213562373095,0,0,nan,nan,nan,0,nan,nan,nan
1160,54.0,4.242640687119284,21.213203435596423,-10,1.414213562373095,0,0,nan,nan,nan,0,nan,nan,nan
1161,54.1,4.1012193308819755,21.213203435596423,-10,1.414213562373095,0,0,nan,nan,nan,0,nan,nan,nan
1162,54.2,3.9597979746446654,21.213203435596423,-10,1.414213562373095,0,0,nan,nan,nan,0,nan,nan,nan
1163,54.300000000000004,3.818376618407357,21.213203435596423,-10,1.414213562373095,0,0,nan,nan,nan,0,nan,nan,nan
1164,54.400000000000006,3.676955262170047,21.213203435596423,-10,1.414213562373095,0,0,nan,nan,nan,0,nan,nan,nan
1165,54.5,3.5355339059327364,21.213203435596423,-10,1.414213562373095,0,0,nan,nan,nan,0,nan,nan,nan
1166,54.6,3.3941125496954285,21.213203435596423,-10,1.414213562373095,0,0,nan,nan,nan,0,nan,nan,nan
1167,54.7,3.252691193458118,21.213203435596423,-10,1.414213562373095,0,0,nan,nan,nan,0,nan,nan,nan
1168,54.800000000000004,3.1112698372208074,21.213203435596423,-10,1.414213562373095,0,0,nan,nan,nan,0,nan,nan,nan
1169,54.900000000000006,2.9698484809834995,21.213203435596423,-10,1.414213562373095,0,0,nan,nan,nan,0,nan,nan,nan
1170,55.0,2.828427124746189,21.213203435596423,-10,1.414213562373095,0,0,nan,nan,nan,0,nan,nan,nan
1171,55.1,2.687005768508881,21.213203435596423,-10,1.414213562373095,0,0,nan,nan,nan,0,nan,nan,nan
1172,55.2,2.5455844122715705,21.213203435596423,-10,1.414213562373095,0,0,nan,nan,nan,0,nan,nan,nan
1173,55.300000000000004,2.4041630560342604,21.213203435596423,-10,1.414213562373095,0,0,nan,nan,nan,0,nan,nan,nan
1174,55.400000000000006,2.262741699796952,21.213203435596423,-10,1.414213562373095,0,0,nan,nan,nan,0,nan,nan,nan
1175,55.5,2.121320343559642,21.213203435596423,-10,1.414213562373095,0,0,nan,nan,nan,0,nan,nan,nan
1176,55.6,1.9798989873223338,21.213203435596423,-10,1.414213562373095,0,0,nan,nan,nan,0,nan,nan,nan
1177,55.7,1.8384776310850235,21.213203435596423,-10,1.414213562373095,0,0,nan,nan,nan,0,nan,nan,nan
1178,55.800000000000004,1.697056274847713,21.213203435596423,-10,1.414213562373095,0,0,nan,nan,nan,0,nan,nan,nan
1179,55.900000000000006,1.555634918610405,21.213203435596423,-10,1.414213562373095,0,0,nan,nan,nan,0,nan,nan,nan
1180,56.0,1.4142135623730945,21.213203435596423,-10,1.414213562373095,0,0,nan,nan,nan,0,nan,nan,nan
1181,56.1,1.2727922061357866,21.213203435596423,-10,1.414213562373095,0,0,nan,nan,nan,0,nan,nan,nan
1182,56.2,1.131370849898476,21.213203435596423,-10,1.414213562373095,0,0,nan,nan,nan,0,nan,nan,nan
1183,56.300000000000004,0.9899494936611657,21.213203435596423,-10,1.414213562373095,0,0,nan,nan,nan,0,nan,nan,nan
1184,56.400000000000006,0.8485281374238577,21.213203435596423,-10,1.414213562373095,0,0,nan,nan,nan,0,nan,nan,nan
1185,56.5,0.7071067811865472,21.213203435596423,-10,1.414213562373095,0,0,nan,nan,nan,0,nan,nan,nan
1186,56.6,0.5656854249492369,21.213203435596423,-10,1.414213562373095,0,0,nan,nan,nan,0,nan,nan,nan
1187,56.7,0.42426406871192884,21.213203435596423,-10,1.414213562373095,0,0,nan,nan,nan,0,nan,nan,nan
1188,56.800000000000004,0.28284271247461845,21.213203435596423,-10,1.414213562373095,0,0,nan,nan,nan,0,nan,nan,nan
1189,56.900000000000006,0.1414213562373104,21.213203435596423,-10,1.414213562373095,0,0,nan,nan,nan,0,nan,nan,nan
1190,57.0,0,21.213203435596423,-10,0,1.414213562373095,0,nan,nan,nan,0,nan,nan,nan
1191,57.1,0,21.071782079359114,-10,0,1.414213562373095,0,nan,nan,nan,0,nan,nan,nan
1192,57.2,0,20.930360723121805,-10,0,1.414213562373095,0,nan,nan,nan,0,nan,nan,nan
1193,57.300000000000004,0,20.788939366884495,-10,0,1.414213562373095,0,nan,nan,nan,0,nan,nan,nan
1194,57.400000000000006,0,20.647518010647186,-10,0,1.414213562373095,0,nan,nan,nan,0,nan,nan,nan
1195,57.5,0,20.506096654409877,-10,0,1.414213562373095,0,nan,nan,nan,0,nan,nan,nan
1196,57.6,0,20.364675298172564,-10,0,1.414213562373095,0,nan,nan,nan,0,nan,nan,nan
1197,57.7,0,20.22325394193526,-10,0,1.414213562373095,0,nan,nan,nan,0,nan,nan,nan
1198,57.800000000000004,0,20.081832585697946,-10,0,1.414213562373095,0,nan,nan,nan,0,nan,nan,nan
1199,57.900000000000006,0,19.940411229460636,-10,0,1.414213562373095,0,nan,nan,nan,0,nan,nan,nan
1200,58.0,0,19.798989873223327,-10,0,1.414213562373095,0,nan,nan,nan,0,nan,nan,nan
1201,58.1,0,19.657568516986018,-10,0,1.414213562373095,0,nan,nan,nan,0,nan,nan,nan
1202,58.2,0,19.51614716074871,-10,0,1.414213562373095,0,nan,nan,nan,0,nan,nan,nan
1203,58.300000000000004,0,19.3747258045114,-10,0,1.414213562373095,0,nan,nan,nan,0,nan,nan,nan
1204,58.400000000000006,0,19.23330444827409,-10,0,1.414213562373095,0,nan,nan,nan,0,nan,nan,nan
1205,58.5,0,19.09188309203678,-10,0,1.414213562373095,0,nan,nan,nan,0,nan,nan,nan
1206,58.6,0,18.950461735799472,-10,0,1.414213562373095,0,nan,nan,nan,0,nan,nan,nan
1207,58.7,0,18.809040379562163,-10,0,1.414213562373095,0,nan,nan,nan,0,nan,nan,nan
1208,58.800000000000004,0,18.667619023324853,-10,0,1.414213562373095,0,nan,nan,nan,0,nan,nan,nan
1209,58.900000000000006,0,18.52619766708754,-10,0,1.414213562373095,0,nan,nan,nan,0,nan,nan,nan
1210,59.0,0,18.384776310850235,-10,0,1.414213562373095,0,nan,nan,nan,0,nan,nan,nan
1211,59.1,0,18.243354954612922,-10,0,1.414213562373095,0,nan,nan,nan,0,nan,nan,nan
1212,59.2,0,18.101933598375613,-10,0,1.414213562373095,0,nan,nan,nan,0,nan,nan,nan
1213,59.300000000000004,0,17.960512242138304,-10,0,1.414213562373095,0,nan,nan,nan,0,nan,nan,nan
1214,59.400000000000006,0,17.819090885900994,-10,0,1.414213562373095,0,nan,nan,nan,0,nan,nan,nan
1215,59.5,0,17.677669529663685,-10,0,1.414213562373095,0,nan,nan,nan,0,nan,nan,nan
1216,59.6,0,17.536248173426376,-10,0,1.414213562373095,0,nan,nan,nan,0,nan,nan,nan
1217,59.7,0,17.394826817189067,-10,0,1.414213562373095,0,nan,nan,nan,0,nan,nan,nan
1218,59.800000000000004,0,17.253405460951758,-10,0,1.414213562373095,0,nan,nan,nan,0,nan,nan,nan
1219,59.900000000000006,0,17.11198410471445,-10,0,1.414213562373095,0,nan,nan,nan,0,nan,nan,nan
1220,60.0,0,16.97056274847714,-10,0,1.414213562373095,0,nan,nan,nan,0,nan,nan,nan
1221,60.1,0,16.82914139223983,-10,0,1.414213562373095,0,nan,nan,nan,0,nan,nan,nan
1222,60.2,0,16.687720036002517,-10,0,1.414213562373095,0,nan,nan,nan,0,nan,nan,nan
1223,60.300000000000004,0,16.54629867976521,-10,0,1.414213562373095,0,nan,nan,nan,0,nan,nan,nan
1224,60.400000000000006,0,16.4048773235279,-10,0,1.414213562373095,0,nan,nan,nan,0,nan,nan,nan
1225,60.5,0,16.26345596729059,-10,0,1.414213562373095,0,nan,nan,nan,0,nan,nan,nan
1226,60.6,0,16.12203461105328,-10,0,1.414213562373095,0,nan,nan,nan,0,nan,nan,nan
1227,60.7,0,15.980613254815971,-10,0,1.414213562373095,0,nan,nan,nan,0,nan,nan,nan
1228,60.800000000000004,0,15.839191898578662,-10,0,1.414213562373095,0,nan,nan,nan,0,nan,nan,nan
1229,60.900000000000006,0,15.697770542341352,-10,0,1.414213562373095,0,nan,nan,nan,0,nan,nan,nan
1230,61.0,0,15.556349186104045,-10,0,1.414213562373095,0,nan,nan,nan,0,nan,nan,nan
1231,61.1,0,15.414927829866734,-10,0,1.414213562373095,0,nan,nan,nan,0,nan,nan,nan
1232,61.2,0,15.273506473629425,-10,0,1.414213562373095,0,nan,nan,nan,0,nan,nan,nan
1233,61.300000000000004,0,15.132085117392116,-10,0,1.414213562373095,0,nan,nan,nan,0,nan,nan,nan
1234,61.400000000000006,0,14.990663761154806,-10,0,1.414213562373095,0,nan,nan,nan,0,nan,nan,nan
1235,61.5,0,14.849242404917495,-10,0,1.414213562373095,0,nan,nan,nan,0,nan,nan,nan
1236,61.6,0,14.707821048680188,-10,0,1.414213562373095,0,nan,nan,nan,0,nan,nan,nan
1237,61.7,0,14.566399692442877,-10,0,1.414213562373095,0,nan,nan,nan,0,nan,nan,nan
1238,61.800000000000004,0,14.424978336205566,-10,0,1.414213562373095,0,nan,nan,nan,0,nan,nan,nan
1239,61.900000000000006,0,14.283556979968258,-10,0,1.414213562373095,0,nan,nan,nan,0,nan,nan,nan
1240,62.0,0,14.142135623730951,-10,0,1.414213562373095,0,nan,nan,nan,0,nan,nan,nan
1241,62.1,0,14.000714267493638,-10,0,1.414213562373095,0,nan,nan,nan,0,nan,nan,nan
1242,62.2,0,13.859292911256329,-10,0,1.414213562373095,0,nan,nan,nan,0,nan,nan,nan
1243,62.300000000000004,0,13.717871555019022,-10,0,1.414213562373095,0,nan,nan,nan,0,nan,nan,nan
1244,62.400000000000006,0,13.57645019878171,-10,0,1.414213562373095,0,nan,nan,nan,0,nan,nan,nan
1245,62.5,0,13.435028842544401,-10,0,1.414213562373095,0,nan,nan,nan,0,nan,nan,nan
1246,62.6,0,13.293607486307092,-10,0,1.414213562373095,0,nan,nan,nan,0,nan,nan,nan
1247,62.7,0,13.152186130069783,-10,0,1.414213562373095,0,nan,nan,nan,0,nan,nan,nan
1248,62.800000000000004,0,13.010764773832472,-10,0,1.414213562373095,0,nan,nan,nan,0,nan,nan,nan
1249,62.900000000000006,0,12.869343417595164,-10,0,1.414213562373095,0,nan,nan,nan,0,nan,nan,nan
1250,63.0,0,12.727922061357853,-10,0,1.414213562373095,0,nan,nan,nan,0,nan,nan,nan
1251,63.1,0,12.586500705120542,-10,0,1.414213562373095,0,nan,nan,nan,0,nan,nan,nan
1252,63.2,0,12.445079348883235,-10,0,1.414213562373095,0,nan,nan,nan,0,nan,nan,nan
1253,63.300000000000004,0,12.303657992645928,-10,0,1.414213562373095,0,nan,nan,nan,0,nan,nan,nan
1254,63.400000000000006,0,12.162236636408615,-10,0,1.414213562373095,0,nan,nan,nan,0,nan,nan,nan
1255,63.5,0,12.020815280171306,-10,0,1.414213562373095,0,nan,nan,nan,0,nan,nan,nan
1256,63.6,0,11.879393923933998,-10,0,1.414213562373095,0,nan,nan,nan,0,nan,nan,nan
1257,63.7,0,11.737972567696687,-10,0,1.414213562373095,0,nan,nan,nan,0,nan,nan,nan
1258,63.800000000000004,0,11.596551211459378,-10,0,1.414213562373095,0,nan,nan,nan,0,nan,nan,nan
1259,63.900000000000006,0,11.455129855222069,-10,0,1.414213562373095,0,nan,nan,nan,0,nan,nan,nan
1260,64.0,0,11.31370849898476,-10,0,1.414213562373095,0,nan,nan,nan,0,nan,nan,nan
1261,64.1,0,11.172287142747448,-10,0,1.414213562373095,0,nan,nan,nan,0,nan,nan,nan
1262,64.2,0,11.030865786510141,-10,0,1.414213562373095,0,nan,nan,nan,0,nan,nan,nan
1263,64.30000000000001,0,10.88944443027283,-10,0,1.414213562373095,0,nan,nan,nan,0,nan,nan,nan
1264,64.4,0,10.748023074035519,-10,0,1.414213562373095,0,nan,nan,nan,0,nan,nan,nan
1265,64.5,0,10.606601717798211,-10,0,1.414213562373095,0,nan,nan,nan,0,nan,nan,nan
1266,64.6,0,10.4651803615609,-10,0,1.414213562373095,0,nan,nan,nan,0,nan,nan,nan
1267,64.7,0,10.323759005323593,-10,0,1.414213562373095,0,nan,nan,nan,0,nan,nan,nan
1268,64.80000000000001,0,10.182337649086282,-10,0,1.414213562373095,0,nan,nan,nan,0,nan,nan,nan
1269,64.9,0,10.040916292848975,-10,0,1.414213562373095,0,nan,nan,nan,0,nan,nan,nan
1270,65.0,0,9.899494936611664,-10,0,1.414213562373095,0,nan,nan,nan,0,nan,nan,nan
1271,65.1,0,9.758073580374354,-10,0,1.414213562373095,0,nan,nan,nan,0,nan,nan,nan
1272,65.2,0,9.616652224137045,-10,0,1.414213562373095,0,nan,nan,nan,0,nan,nan,nan
1273,65.30000000000001,0,9.475230867899736,-10,0,1.414213562373095,0,nan,nan,nan,0,nan,nan,nan
1274,65.4,0,9.333809511662425,-10,0,1.414213562373095,0,nan,nan,nan,0,nan,nan,nan
1275,65.5,0,9.192388155425117,-10,0,1.414213562373095,0,nan,nan,nan,0,nan,nan,nan
1276,65.6,0,9.050966799187806,-10,0,1.414213562373095,0,nan,nan,nan,0,nan,nan,nan
1277,65.7,0,8.909545442950499,-10,0,1.414213562373095,0,nan,nan,nan,0,nan,nan,nan
1278,65.80000000000001,0,8.768124086713188,-10,0,1.414213562373095,0,nan,nan,nan,0,nan,nan,nan
1279,65.9,0,8.626702730475877,-10,0,1.414213562373095,0,nan,nan,nan,0,nan,nan,nan
1280,66.0,0,8.48528137423857,-10,0,1.414213562373095,0,nan,nan,nan,0,nan,nan,nan
1281,66.1,0,8.343860018001259,-10,0,1.414213562373095,0,nan,nan,nan,0,nan,nan,nan
1282,66.2,0,8.202438661763951,-10,0,1.414213562373095,0,nan,nan,nan,0,nan,nan,nan
1283,66.30000000000001,0,8.06101730552664,-10,0,1.414213562373095,0,nan,nan,nan,0,nan,nan,nan
1284,66.4,0,7.919595949289331,-10,0,1.414213562373095,0,nan,nan,nan,0,nan,nan,nan
1285,66.5,0,7.7781745930520225,-10,0,1.414213562373095,0,nan,nan,nan,0,nan,nan,nan
1286,66.6,0,7.636753236814712,-10,0,1.414213562373095,0,nan,nan,nan,0,nan,nan,nan
1287,66.7,0,7.495331880577404,-10,0,1.414213562373095,0,nan,nan,nan,0,nan,nan,nan
1288,66.80000000000001,0,7.353910524340094,-10,0,1.414213562373095,0,nan,nan,nan,0,nan,nan,nan
1289,66.9,0,7.212489168102783,-10,0,1.414213562373095,0,nan,nan,nan,0,nan,nan,nan
1290,67.0,0,7.0710678118654755,-10,0,1.414213562373095,0,nan,nan,nan,0,nan,nan,nan
1291,67.1,0,6.9296464556281645,-10,0,1.414213562373095,0,nan,nan,nan,0,nan,nan,nan
1292,67.2,0,6.788225099390854,-10,0,1.414213562373095,0,nan,nan,nan,0,nan,nan,nan
1293,67.30000000000001,0,6.646803743153546,-10,0,1.414213562373095,0,nan,nan,nan,0,nan,nan,nan
1294,67.4,0,6.505382386916236,-10,0,1.414213562373095,0,nan,nan,nan,0,nan,nan,nan
1295,67.5,0,6.363961030678928,-10,0,1.414213562373095,0,nan,nan,nan,0,nan,nan,nan
1296,67.6,0,6.2225396744416175,-10,0,1.414213562373095,0,nan,nan,nan,0,nan,nan,nan
1297,67.7,0,6.081118318204307,-10,0,1.414213562373095,0,nan,nan,nan,0,nan,nan,nan
1298,67.80000000000001,0,5.939696961966999,-10,0,1.414213562373095,0,nan,nan,nan,0,nan,nan,nan
1299,67.9,0,5.798275605729689,-10,0,1.414213562373095,0,nan,nan,nan,0,nan,nan,nan
1300,68.0,0,5.656854249492381,-10,0,1.414213562373095,0,nan,nan,nan,0,nan,nan,nan
1301,68.1,0,5.5154328932550705,-10,0,1.414213562373095,0,nan,nan,nan,0,nan,nan,nan
1302,68.2,0,5.3740115370177595,-10,0,1.414213562373095,0,nan,nan,nan,0,nan,nan,nan
1303,68.30000000000001,0,5.232590180780452,-10,0,1.414213562373095,0,nan,nan,nan,0,nan,nan,nan
1304,68.4,0,5.091168824543141,-10,0,1.414213562373095,0,nan,nan,nan,0,nan,nan,nan
1305,68.5,0,4.949747468305831,-10,0,1.414213562373095,0,nan,nan,nan,0,nan,nan,nan
1306,68.6,0,4.808326112068523,-10,0,1.414213562373095,0,nan,nan,nan,0,nan,nan,nan
1307,68.7,0,4.6669047558312124,-10,0,1.414213562373095,0,nan,nan,nan,0,nan,nan,nan
1308,68.80000000000001,0,4.525483399593904,-10,0,1.414213562373095,0,nan,nan,nan,0,nan,nan,nan
1309,68.9,0,4.384062043356594,-10,0,1.414213562373095,0,nan,nan,nan,0,nan,nan,nan
1310,69.0,0,4.242640687119284,-10,0,1.414213562373095,0,nan,nan,nan,0,nan,nan,nan
1311,69.1,0,4.1012193308819755,-10,0,1.414213562373095,0,nan,nan,nan,0,nan,nan,nan
1312,69.2,0,3.9597979746446654,-10,0,1.414213562373095,0,nan,nan,nan,0,nan,nan,nan
1313,69.30000000000001,0,3.818376618407357,-10,0,1.414213562373095,0,nan,nan,nan,0,nan,nan,nan
1314,69.4,0,3.676955262170047,-10,0,1.414213562373095,0,nan,nan,nan,0,nan,nan,nan
1315,69.5,0,3.5355339059327364,-10,0,1.414213562373095,0,nan,nan,nan,0,nan,nan,nan
1316,69.6,0,3.3941125496954285,-10,0,1.414213562373095,0,nan,nan,nan,0,nan,nan,nan
1317,69.7,0,3.252691193458118,-10,0,1.414213562373095,0,nan,nan,nan,0,nan,nan,nan
1318,69.80000000000001,0,3.1112698372208074,-10,0,1.414213562373095,0,nan,nan,nan,0,nan,nan,nan
1319,69.9,0,2.9698484809834995,-10,0,1.414213562373095,0,nan,nan,nan,0,nan,nan,nan
1320,70.0,0,2.828427124746189,-10,0,1.414213562373095,0,nan,nan,nan,0,nan,nan,nan
1321,70.1,0,2.687005768508881,-10,0,1.414213562373095,0,nan,nan,nan,0,nan,nan,nan
1322,70.2,0,2.5455844122715705,-10,0,1.414213562373095,0,nan,nan,nan,0,nan,nan,nan
1323,70.30000000000001,0,2.4041630560342604,-10,0,1.414213562373095,0,nan,nan,nan,0,nan,nan,nan
1324,70.4,0,2.262741699796952,-10,0,1.414213562373095,0,nan,nan,nan,0,nan,nan,nan
1325,70.5,0,2.121320343559642,-10,0,1.414213562373095,0,nan,nan,nan,0,nan,nan,nan
1326,70.6,0,1.9798989873223338,-10,0,1.414213562373095,0,nan,nan,nan,0,nan,nan,nan
1327,70.7,0,1.8384776310850235,-10,0,1.414213562373095,0,nan,nan,nan,0,nan,nan,nan
1328,70.80000000000001,0,1.697056274847713,-10,0,1.414213562373095,0,nan,nan,nan,0,nan,nan,nan
1329,70.9,0,1.555634918610405,-10,0,1.414213562373095,0,nan,nan,nan,0,nan,nan,nan
1330,71.0,0,1.4142135623730945,-10,0,1.414213562373095,0,nan,nan,nan,0,nan,nan,nan
1331,71.1,0,1.2727922061357866,-10,0,1.414213562373095,0,nan,nan,nan,0,nan,nan,nan
1332,71.2,0,1.131370849898476,-10,0,1.414213562373095,0,nan,nan,nan,0,nan,nan,nan
1333,71.30000000000001,0,0.9899494936611657,-10,0,1.414213562373095,0,nan,nan,nan,0,nan,nan,nan
1334,71.4,0,0.8485281374238577,-10,0,1.414213562373095,0,nan,nan,nan,0,nan,nan,nan
1335,71.5,0,0.7071067811865472,-10,0,1.414213562373095,0,nan,nan,nan,0,nan,nan,nan
1336,71.6,0,0.5656854249492369,-10,0,1.414213562373095,0,nan,nan,nan,0,nan,nan,nan
1337,71.7,0,0.42426406871192884,-10,0,1.414213562373095,0,nan,nan,nan,0,nan,nan,nan
1338,71.80000000000001,0,0.28284271247461845,-10,0,1.414213562373095,0,nan,nan,nan,0,nan,nan,nan
1339,71.9,0,0.1414213562373104,-10,0,1.414213562373095,0,nan,nan,nan,0,nan,nan,nan
